"---","StateName","Effect"
"---","FString","FString"
"ST_01","流血","每秒失去0.5×层数数量的最大生命值的技术伤害并减少一层流血，初始上限20层"
"ST_02","伤口","每次受到任意来源物理伤害时附加1×伤口层数的额外物理伤害，每秒减少一层，无上限"
"ST_03","中毒","每秒受到1×中毒层数的技术伤害并减少一层中毒，当中毒层数达到100时失去10%最大生命值上限持续到状态结束。"
"ST_04","灼烧","每秒受到1×灼烧层数的伤害，持续5秒，结束时失去所有灼烧层数"
"ST_05","腐蚀","抗性减少1×层数的数值，持续5秒，结束时失去所有层数"
"ST_06","冰冻","每层减少敌方10点攻速，最多三层，满层时如果该单位拥有护盾，会使该护盾受到额外20%伤害（仅针对护盾值部分），持续五秒，结束后失去全部层数"
"ST_07","护盾","每层能抵挡1点伤害，并减少一层，如没有额外说明护盾持续时间默认6秒"
"ST_08","静电紊乱","使敌人每次动作（攻击，释放技能，移动到其他六边形）时受到1×层数的技术伤害，每增长10层静电紊乱会受到一次电磁爆发，受到施加者30%技术强度+150%静电紊乱层数的技术伤害，持续10秒，结束时失去所有强度"
"ST_09","持续护盾","与护盾相同但是没有持续时间限制，一直持续到护盾被消耗完为止"
"ST_10","沉默","持续时间内无法释放技能"
"ST_11","嘲讽","被嘲讽的单位在持续时间内无论是技能和攻击都只能锁定嘲讽的来源"
"ST_12","充能","部分干员可以通过自身的条件获得充能层数，并消耗充能层数强化自身的能力。"
