"---","ItemName","Quality","Description"
"---","FString","FString","FString"
"EQ_W_01","巨剑","白色","增加15攻击力"
"EQ_W_02","单手剑","白色","增加10攻击力5攻速"
"EQ_W_03","匕首","白色","增加10攻速10暴击"
"EQ_W_04","反曲弓","白色","增加10攻速5吸血"
"EQ_W_05","破障斧","白色","增加8攻击力5吸血"
"EQ_W_06","晶体护符","白色","增加5专注回复15初始专注"
"EQ_W_07","电池","白色","增加25初始专注15技术强度"
"EQ_W_08","典籍","白色","增加2专注回复25技术强度"
"EQ_W_09","禁忌卷轴","白色","增加15技术强度5吸血"
"EQ_W_10","重甲","白色","增加20防御100生命值"
"EQ_W_11","软甲","白色","增加15抗性100生命值"
"EQ_W_12","杠铃","白色","增加200生命2生命恢复"
"EQ_B_01","纯铁重锤","蓝色","增加20攻击力30防御"
"EQ_B_02","锯齿剑","蓝色","增加5点无视防御15暴击15攻击力"
"EQ_B_03","反曲弯刀","蓝色","增加25攻击速度15攻击力5吸血"
"EQ_B_04","连弩","蓝色","增加40攻速5无视防御"
"EQ_B_05","散射火枪","蓝色","增加25攻击力10攻击速度"
"EQ_B_06","密教信物","蓝色","增加5专注回复20初始专注20技术强度"
"EQ_B_07","突触加速器","蓝色","增加10专注回复10初始专注"
"EQ_B_08","超算单元","蓝色","增加40技术强度2专注回复"
"EQ_B_09","邪恶典籍","蓝色","增加20技术强度10吸血"
"EQ_B_10","加固板甲","蓝色","增加35防御10抗性100生命值"
"EQ_B_11","巨人护腕","蓝色","增加350生命值20攻击力"
"EQ_B_12","咒印布甲","蓝色","增加20抗性150生命值"
"EQ_B_13","缄默适应器","蓝色","增加150生命值5生命恢复"
"EQ_B_14","战士资格证","蓝色","增加20攻击力，该干员战斗中视为战士"
"EQ_B_15","坦克资格证","蓝色","增加20防御。该干员战斗中视为坦克"
"EQ_B_16","射手资格证","蓝色","增加30攻击速度，该干员战斗中视为射手"
"EQ_B_17","技术官资格证","蓝色","增加30技术强度，该干员战斗中视为技术官"
"EQ_B_18","刺客资格证","蓝色","增加20暴击，该干员战斗中视为刺客"
"EQ_B_19","支援资格证","蓝色","增加5每秒专注回复，该干员战斗中视为支援"
"EQ_B_20","邪咒","蓝色","增加25吸血，获得后发（15）：每秒损失自身最大生命值1%真实伤害"
"EQ_G_01","链锯剑","金色","增加20攻速25攻击力2无视防御，每次攻击额外附带2层伤口。每施加10层伤口施加1层流血"
"EQ_G_02","斩首大剑","金色","70攻击力，减少15攻击速度。击杀敌人时回复30专注"
"EQ_G_03","推进拳套","金色","40攻击速度10攻击力，获得抢攻（4）获得20%攻击速度"
"EQ_G_04","汲血者短剑","金色","25攻击速度10吸血，每次攻击获得6攻击速度1吸血最多叠加五层持续3秒、"
"EQ_G_05","破城锤","金色","增加50攻击力15无视防御，攻击时减少敌人10%防御持续3秒最多叠加2次"
"EQ_G_06","喷火器","金色","40攻击力20攻击速度，每次攻击附加1层灼烧"
"EQ_G_07","涂毒双锋","金色","15暴击30攻击速度20攻击力，每次攻击附加1层中毒"
"EQ_G_08","心流刃","金色","30攻击速度25攻击力，每次攻击回复2专注"
"EQ_G_09","赏金猎人匕首","金色","35攻击力15暴击，每次击杀获得3魂晶"
"EQ_G_10","晶簇巨棍","金色","增加20防御35攻击力，攻击时减少敌人20点攻击速度持续3秒最多叠加2次"
"EQ_G_11","卑劣匕首","金色","增加25攻击力30暴击。每次暴击额外造成20%攻击力物理伤害"
"EQ_G_12","血石长矛","金色","30吸血，每损失1%的生命值获得1攻击力"
"EQ_G_13","神秘学大全","金色","增加8专注回复20初始专注30技术强度。每次释放技能后获得1专注回复持续到战斗结束最多3层"
"EQ_G_14","灾厄护符","金色","增加60技术强度5专注回复。当干员为技术官时，该装备属性额外增加100%"
"EQ_G_15","吸血鬼血晶","金色","50技术强度15吸血，获得后发（15）：额外回复技能造成伤害的20%"
"EQ_G_16","幻境项链","金色","5专注回复50初始专注30技术强度。每次释放技能对所有敌人沉默1秒"
"EQ_G_17","炎夏之触","金色","45技术强度5专注回复，每次技能附加10灼烧"
"EQ_G_18","海底冰晶","金色","30技术强度8专注回复，每次技能附加2层冰冻"
"EQ_G_19","微型加速器","金色","10专注回复50初始专注15技术强度，释放技能额外为自身提供20专注值"
"EQ_G_20","紧急医疗设备","金色","8专注回复20初始专注30技术强度，每次以队友为目标释放技能都会为其治疗自身20%技术强度的生命值"
"EQ_G_21","巨像碎片","金色","增加550生命值30防御10抗性，减少自身10%输出"
"EQ_G_22","外置骨骼","金色","增加35防御15抗性100生命值，开局为自身提供相当于防御力200%的护盾持续5秒"
"EQ_G_23","历战重装","金色","20防御10抗性200生命值，每次受到10%最大生命值伤害提供1生命恢复持续到战斗结束，最多5层"
"EQ_G_24","破法者铠甲","金色","30抗性10防御150生命值，开局时获得相当于自身生命值20%的专用于抵挡技术伤害的护盾，持续到被打破为止"
"EQ_G_25","铁穹","金色","40防御，获得抢攻（3）防御力增加100%"
"EQ_G_26","蚀火囚盔","金色","400生命值，每秒对周围敌人造成自身1%最大生命值的技术伤害并附加1灼烧，每秒受到自身1%生命值的真实伤害并减少1精神值"
"EQ_G_27","孤军铁盔","金色","获得10防御250生命值，如果干员为唯一的坦克且独自位于第一排，该装备的属性变成300%并额外提供1生命恢复"
"EQ_G_28","烈士勋章","金色","300生命值20防御，周围2格范围内的干员受到的伤害20%由持有者代为承受"
"EQ_G_29","活化铠甲","金色","200生命值15抗性，自身受到的治疗和护盾提升20%"
"EQ_G_30","巨人号角","金色","250生命值25防御5抗性2专注恢复，自身对敌人造成控制效果会使该敌人受到伤害额外提升7%持续5秒"
"EQ_G_31","秘术护腕","金色","45技术强度300生命值，获得后发（20）:获得10吸血"
"EQ_G_32","侵蚀齿轮","金色","30技术强度5专注回复200生命值，释放技能后的下一次普攻会额外造成20%技术强度的技术伤害并回复10专注"
"EQ_G_33","泄露容器","金色","350生命值，每秒对周围一格敌人施加1中毒"
"EQ_R_01","超导线圈","红色","获得20%额外专注回复，使用技能后增加5专注回复持续到战斗结束不可叠加"
"EQ_R_02","撕裂者","红色","每次附加5伤口则额外附带1流血，每次施加5流血则额外造成敌人5%最大生命值物理伤害"
"EQ_R_03","超波发生器","红色","首次对敌人造成伤害时会在3秒内造成敌人10（每2无视防御+1）%最大生命值的物理伤害"
"EQ_R_04","冰霜之种","红色","每次附加冰冻都额外使敌人受到的伤害提升5%最多叠加3次，持续到战斗结束。对满层冰冻的敌人附加冰冻会导致其最近的敌人获得一层冰冻"
"EQ_R_05","撼地重锤","红色","普通攻击敌人时会对其1格范围内敌人造成该次伤害的80%，并对自身伤害的敌人附加震荡，每层减少敌人2专注回复和10点攻击速度，可叠加4层持续三秒"
"EQ_R_06","荣光之盾","红色","每次受到攻击获得25护盾"
"EQ_R_07","无尽贪婪","红色","获得相当于自身20%攻击力的每秒专注回复最多50，获得20吸血，自身每秒受到10%最大生命值的真实伤害"
"EQ_R_08","秘法之刃","红色","获得技术强度25%的额外攻击力，获得30%攻击力的额外技术强度"
"EQ_R_09","神秘学终章","红色","获得50%额外专注回复，释放技能偷取敌人20点专注值"
"EQ_R_10","万象法典","红色","获得40%额外技术强度。受到致命伤害时会进入无法选中状态2秒期间无法做出任何动作也不会受到伤害和任何效果"
"EQ_R_11","征服者的铁腕","红色","暴击伤害额外提升30%，暴击增加25."
"EQ_R_12","无极之心","红色","每次攻击增加2点攻击速度，可无限叠加持续到战斗结束。每次攻击附加自身攻击速度10%的额外真实伤害"
"EQ_R_13","恶魔的钱袋","红色","本局内每产生15魂晶，本装备就提供10攻击力和15技术强度"
"EQ_R_14","辅助瞄准模块","红色","仅远程干员可装备。获得10%攻击速度，每次攻击额外对两个目标射出造成该次伤害40%的伤害的箭矢"
"EQ_R_15","适应性盔甲","红色","每次受到伤害都会获得2%防御和抗性，最多叠加8层，满层时额外提供10%防御和抗性"
"EQ_R_16","永动之心","红色","提供15%最大生命值，提供10生命恢复"
"EQ_R_17","破碎的蚀火之种","红色","每秒损失10精神值，每秒对周围敌人和自身造成自身10%最大生命值的真实伤害。"
"EQ_R_18","吞噬者盔甲","红色","每隔八秒对周围敌人造成自身5%最大生命值的技术伤害，并回复相当于该伤害150%的生命值"
"EQ_R_19","猎鲸叉","红色","敌人每比自身多出100生命值则持有者额外对其造成1%伤害最多提升40%"
"EQ_R_20","灵春种","红色","每次造成治疗或是护盾都会记录10%进度，记录进度满时血量最少的干员以及其1格范围内所有干员回复18已损生命值的治疗"
"EQ_R_21","无名长剑","红色","自身无法释放主动技能，获得30%属性"
"EQ_R_22","幻影刃","红色","仅近战干员可以装备，额外提升2格射程，且与敌人每相隔1格额外造成10%伤害"
"EQ_R_23","幻景","红色","每隔八秒获得一次能抵挡一次技能的屏障"
"EQ_R_24","死瘴（小剂量）","红色","持有者每次对敌人造成伤害都会附加1层中毒并使敌人 身上的中毒变化为死瘴。死瘴被视为中毒，但结算频率快50%且造成真实伤害"
"EQ_R_25","恒星燃料","红色","附加灼烧额外增加两层，每附加10层灼烧就额外结算一次灼烧伤害"
"EQ_R_26","蚀火之种","红色","每附加50层灼烧会对敌人施加一层蚀火，蚀火持续时间无限，每层每秒减少敌人5精神值。敌人精神值归零眩晕后不会再回复精神值也不会再因为精神值被眩晕，此时蚀火转为每层每秒造成敌人最大生命值1%真实伤害"
"EQ_R_27","瘟疫脉搏","红色","自身满血时每秒对周围最近的敌人施加相当于自身生命回复的中毒层数"
