"---","Quality","Weight","AttributeName","Value","Unit"
"---","FString","float","FString","float","FString"
"FR_S_01","银色","57","攻击速度","10",""
"FR_S_02","银色","57","攻击力","6",""
"FR_S_03","银色","57","专注回复","2",""
"FR_S_04","银色","57","无视防御","2",""
"FR_S_05","银色","57","吸血","2",""
"FR_S_06","银色","57","暴击","3",""
"FR_S_07","银色","57","初始专注","10",""
"FR_S_08","银色","57","防御","8",""
"FR_S_09","银色","57","抗性","3",""
"FR_G_01","金色","30","生命值","50",""
"FR_G_02","金色","30","攻击速度","25",""
"FR_G_03","金色","30","攻击力","15",""
"FR_G_04","金色","30","专注回复","5",""
"FR_G_05","金色","30","无视防御","5",""
"FR_G_06","金色","30","吸血","5",""
"FR_G_07","金色","30","暴击","10",""
"FR_G_08","金色","30","初始专注","30",""
"FR_G_09","金色","30","防御","20",""
"FR_G_10","金色","30","抗性","10",""
"FR_G_11","金色","30","生命值","120",""
"FR_R_01","红色","10","攻击速度","10","%"
"FR_R_02","红色","10","攻击力","10","%"
"FR_R_03","红色","10","每次攻击回复专注","3",""
"FR_R_04","红色","10","吸血","10",""
"FR_R_05","红色","10","生命值","10","%"
"FR_R_06","红色","10","防御力和抗性","10","%"
"FR_R_07","红色","10","专注上限","-20",""
"FR_R_08","红色","10","无视抗性","15","%"
"FR_R_09","红色","10","暴击伤害","25","%"
"FR_R_10","红色","10","无视防御","15","%"
"FR_R_11","红色","10","每次战斗胜利额外获得魂晶","8",""
"FR_R_12","红色","10","生命回复","8",""
"FR_C_01","彩色","3","来自属性强化获得的属性","20","%"
