"---","SchoolName","Tier","Grant","Condition","Reward","NeutralEffect"
"---","FString","FString","FString","FString","FString","FString"
"MS_01","金日","初级","正教通行证（地图中正教所属角色不会对你采取敌对行为）","在携带至少1枚金日勋章（任务装备，无属性）的情况下完成第一关地图蚀隧","30魂晶",""
"MS_02","银月","初级","正教通行证","至少击败5只精英虫族","25魂晶 + 2个银色属性碎片（专注回复）",""
"MS_03","自然","初级","正教通行证","在不损失干员的情况下通关蚀隧","10魂晶 + 全体1点生命恢复",""
"MS_04","腐化","初级","腐化种子（任务装备，增加100生命值）","佩戴该装备通过蚀隧","失去腐化种子，获得20魂晶 + 腐化幼芽（任务装备，增加150生命值和2生命恢复，佩戴者减少10%最大生命值上限和30精神值上限）","地图中的腐化信徒不会攻击你"
"MS_05","血肉","初级","试炼","以至少一名干员累计损失过自身生命值200%的条件下通过蚀隧","30魂晶 + 2个金色属性碎片（生命值）","血肉信众不会攻击你，转为献祭你的一名干员300%血量获得20魂晶"
"MS_06","机械","初级","开局招募必定带有一名机械干员","携带至少两名机械干员通过蚀隧","一次招募机会（不可刷新但必定刷新3名机械干员）+ 20魂晶","机械干员出现概率提高；机械信徒不会攻击你而是转为为你提供服务，为你的机械干员回复自身所有血量"
"MS_07","深渊","初级","低语秘典（任务装备，携带者每次释放技能或是攻击都会使敌人和自身的精神值降低5点）","在至少使20名敌人精神值归零过的条件下通过蚀隧","25魂晶 + 选择一名干员使其在战斗中获得20专注回复和100点攻击速度（自身每点精神值会让该加成减少1%）","深渊教徒不会攻击你，而是转为提供烙印让一名干员最大精神值减少10点"
"MS_08","缄默","初级","战斗中出场的敌人（不包括boss）会出现被标记敌人，干员会强制优先集火被标记者；标记会使该敌人减少5防御和5抗性，持续15秒","在标记时间内击杀所有带有标记的敌人的情况下通过蚀隧","25魂晶 + 金色属性碎片（无视防御）+ 金色属性碎片（暴击）",""
"MS_09","日蚀","初级","开局获得蚀火容器（任务装备）","在携带蚀火容器的条件下，累计附加150层灼烧通过蚀隧","失去所有蚀火容器，获得等量破碎的蚀火容器（具体数值见装备）和25魂晶","蚀隧的日蚀教徒不会再攻击你，转为为你提供一件蚀火容器"
