"---","OperatorId","OperatorName","Kind","SkillName","Description"
"---","FString","FString","FString","FString","FString"
"SK_001","OP_01","索利瓦尔","技能","巨斧裂体","索利瓦尔将巨斧劈下，对单个敌人造成200%攻击力物理伤害"
"SK_002","OP_02","拉娜","技能","当心头顶！","拉娜的下一次普攻将被强化，狠狠将铁锤砸下，对选中敌人以及其相邻的六格造成150%攻击力加上10%自身当前生命值的物理伤害，并使命中的敌人受到“击破”效果，其造成的伤害减少10%，持续5秒。当心头顶无法暴击。"
"SK_003","OP_03","K","技能","镇暴模式","K开启镇暴模式，展开笼罩自身周围相邻六格的领域，每秒为领域内的敌人施加5层静电紊乱，领域内的敌人每两秒被眩晕0.5秒。镇暴模式下K的攻击也将使敌人受到5层静电紊乱。开启镇暴模式后K不会立即清空专注值而是以每秒消耗5点专注值，且镇暴模式下K不会回复专注值。"
"SK_004","OP_04","王恩","技能","寂灭","王恩的攻击速度最多为80点。溢出的攻击速度将转化为攻击力。王恩造成伤害时无视敌方的20点防御，且自身无法获得每秒专注回复，但是每次攻击都会回复10专注值。专注值满时，王恩将挥动重锤对自己朝向的相邻三格的敌人造成100%攻击力的物理伤害并使击中的敌人晕眩0.5秒，随后再次猛击前方的一格，对该范围内的敌人造成120%攻击力的物理伤害。"
"SK_005","OP_05","李","技能","棍舞","李挥舞长棍，持续3秒。在此期间内所有来自朝向的攻击将无效。结束时李将立棍下劈，对前方造成攻击力200%的物理伤害。棍舞只能格挡攻击，无法减免攻击附加的减益。"
"SK_006","OP_06","莎娜塔","技能","格斗术","莎娜塔每次攻击都会交替出拳，按照左勾拳右勾拳上勾拳直拳节奏循环。每个动作都会比前一个攻速增加10%，如右勾拳比左勾拳快10%，上勾拳再次增加10%，直拳再次增加10%随后攻击速度增益归零。左勾拳右勾拳造成80%攻击力的物理伤害，上勾拳造成80%攻击力物理伤害并使敌人被击飞0.5秒，直拳造成攻击力120%物理伤害并无视敌方20点防御。专注值充满时莎娜塔将获得斗志状态持续6秒，该状态下，莎娜塔获得20点攻击速度并且攻击造成额外20%攻击力的物理伤害并无视敌方10点防御。"
"SK_007","OP_07","J","技能","指令：刺杀","J立即锁定敌方最脆弱的单位丢出电磁飞剑，对其造成相当于180%攻击力的物理伤害，该次伤害可以暴击。当拥有充能时，J会消耗一层充能强化该技能，使电磁飞刀命中后标记敌方，J的下一次攻击将会引爆标记并额外造成攻击力140%的物理伤害，标记持续10秒。"
"SK_008","OP_07","J","被动","充能","J每次对敌人造成超过对方40%最大生命值的伤害时会获得一层充能。"
"SK_009","OP_08","唐","技能","影步","唐立刻进入隐身状态，此状态下敌人无法锁定唐作为攻击目标但依然会受到范围伤害，持续4秒。随后唐锁定敌方最脆弱的单位的并使自身下一次普攻获得100点暴击和20点防御无视。"
"SK_010","OP_08","唐","被动","脱兔","当唐的血量首次跌至40%时会立即无消耗的释放影步。"
"SK_011","OP_08","唐","被动","背刺","唐对不面朝自己的敌人造成额外20%伤害并无视敌方20点防御"
"SK_012","OP_09","查拉","技能","蛇咬","查拉放出毒蛇攻击敌方最脆弱的单位，对其造成相当于100%技术强度的技术伤害并附加10层中毒。"
"SK_013","OP_10","玛恩娜伯爵","技能","决斗","伯爵嘲讽一格目标并将其视为攻击目标，持续6秒。在此期间伯爵被其他敌人锁定的优先级降至最低。在此期间伯爵将获得30点暴击以及30点无视防御。"
"SK_014","OP_10","玛恩娜伯爵","被动","鹰眼","伯爵能够看出对手的破绽，她每对一名敌人造成3次暴击就会对其造成相当于敌人5%（每100攻击力增加1%）的物理伤害，该伤害无法暴击。"
"SK_015","OP_11","波安","技能","斥候标记","与其他刺客不同波安使用十字弩作为武器，其射程为远程（4格）.每十秒波安会自动标记一名敌人，标记持续6秒优先标记未标记的敌方最脆弱的单位。当专注值满时，波安会对所有标记的目标射出弩箭，造成相当于120%攻击力的物理伤害。波安的普攻也会标记敌人。"
"SK_016","OP_12","格斯","技能","狂热","获得抢攻（7）获得10%（每10技术强度增加1%）攻速，攻击20次会触发技能再次触发狂热"
"SK_017","OP_12","格斯","被动","高压双匕","格斯的武器高压双匕依靠强大的电流造成伤害，每次普攻都会造成相当于60%技术强度的技术伤害，且格斯获得额外10%攻击速度"
"SK_018","OP_13","V","技能","反恐无人机","V召唤一架无人机，无人机拥有V30%的属性并会和V攻击同一目标。拥有充能时释放会让所有无人机释放一次能量射线，造成相当于V80%攻击力的物理伤害并消耗一层充能"
"SK_019","OP_13","V","被动","充能","V每攻击10次获得一层充能"
"SK_020","OP_14","蕾拉中尉","技能","轰炸区","蕾拉中尉立即向攻击的目标发射3发炮弹对其一定范围内的敌人造成3次110%攻击力的物理伤害"
"SK_021","OP_14","蕾拉中尉","被动","重炮","蕾拉中尉使用重炮作为武器，其攻击速度固定为50点，每溢出一点就转化为1攻击。同时蕾拉中尉拥有6格射程，每次攻击造成120%攻击力物理伤害并会对敌人周围也造成80%伤害"
"SK_022","OP_15","克劳伦","技能","枪火盛宴","克劳伦立即向敌人所在方向射击8（每20点攻速增加1）次，每次造成40%攻击力+15%暴击的物理伤害"
"SK_023","OP_15","克劳伦","被动","双枪","克劳伦每次攻击都会射击两次，每次造成55%攻击力的物理伤害，克劳伦的总攻击速度×90%"
"SK_024","OP_16","朱棠","技能","秘法","朱棠每第二次射击都会将伤害转化为技术伤害并获得相当于该次伤害20%的治疗。当专注值满时朱棠消耗所有专注值获得强化，为自身提供30攻击速度，5吸血，20攻击力，持续到战斗结束，可无限次叠加。朱棠的攻击无法暴击，每点暴击转化为1点攻速"
"SK_025","OP_17","科雷","技能","","科雷使用霰弹枪进行攻击，攻速收益仅有20%。攻击范围为两格。每次攻击释放6颗子弹，每一颗造成20%攻击力的物理伤害。暴击时额外射出10%×（暴击减50点）颗子弹。专注值满时下一次普攻将消耗所有专注值连射两次。"
"SK_026","OP_18","那摩","技能","技巧投射","那摩使用回旋镖作为武器，射程为3格，并会在攻击时向敌人靠近至一格范围内。当回旋镖脱手后需要等其返回才能再次扔出，表现为随距离远近那摩的总攻速从80%逐渐靠近变为120%。专注值满时那摩额外再为自己添加一把持续10秒的回旋镖。每次攻击会丢出手头所有回旋镖。除了第一把，后续命中的回旋镖仅造成20%攻击力的物理伤害。"
"SK_027","OP_19","铁壁","技能","巨盾","铁壁举起巨盾，持续五秒。在此期间无法移动，技能释放时获得自身10%最大生命值的护盾30防御和10抗性。持续期间每秒获得5（每100防御增加1）%最大生命值的护盾。技能结束后护盾将持续3秒。"
"SK_028","OP_20","D","技能","电磁防护","D展开电磁屏障，为自身添加自身血量20%+200%技术强度的护盾持续4秒，随后如果护盾依然存在则将该技能吸收伤害的50%转化为自身血量。拥有充能时消耗一层充能，额外获得30%护盾"
"SK_029","OP_20","D","被动","充能","每承自身50%生命值的伤害D获得一层充能"
"SK_030","OP_21","奎尔","技能","坚毅不倒","奎尔血量越低受到的治疗越高（每损失20%生命值则额外受到10%治疗）获得后发（15）:奎尔获得5生命回复持续到战斗结束。"
"SK_031","OP_22","迈恩","技能","火炬","迈恩每次受到伤害额外延长自身抢攻0.3秒。专注值满时，迈恩点燃火炬，每秒对周围敌人造成20点伤害并附加3灼烧。获得抢攻（5）:迈恩每秒获得10专注值。"
"SK_032","OP_23","黑女士","技能","阴暗簇拥","消耗所有专注在自己领域内召唤一名打手。打手继承黑女士60%属性，攻击速度同样固定。打手会更优先被敌人锁定"
"SK_033","OP_23","黑女士","被动","优雅","黑女士攻击速度固定为66且攻击不会回复专注。每溢出20点攻击速度为黑女士提供1每秒专注回复。黑女士会在周围1格施展自己的威压，处于其中的敌人每2秒获得一层威慑，每层威慑降低5%对黑女士造成的伤害，最多5层。每有一名叠满威慑的目标在黑女士的领域内，黑女士获得3生命回复和2每秒专注回复"
"SK_034","OP_24","温洛斯","技能","瘴气","温洛斯丢出毒气瓶，在自己周围的地面形成瘴气花园。对其中每个敌人和自身每秒施加7层中毒。持续4秒"
"SK_035","OP_24","温洛斯","被动","腐殖构造","温洛斯不会被中毒扣除生命值，相反温洛斯会从毒素中治疗自己。每层中毒每秒为温洛斯回复1点生命。"
"SK_036","OP_25","科比","技能","烧光","科比丢出灼烧弹，使范围内敌人每秒附加5层灼烧并受到50%技术强度的技术伤害。持续5秒"
"SK_037","OP_26","尼克斯","技能","零度地狱","尼克斯在敌人最密集的敌方释放风暴，每秒造成冰冻并造成尼克斯60%技术强度的技术伤害。"
"SK_038","OP_27","X","技能","极差爆发","X立即引爆敌方的电势引发闪电，对3名敌人造成相当于X150%技术强度的技术伤害，并附加10层静电紊乱。拥有充能时，消耗一层充能，额外锁定一个目标，且技能伤害提高至X180%技术强度。"
"SK_039","OP_27","X","被动","充能","X每次释放技能便获得一层充能"
"SK_040","OP_28","薇薇安","技能","走开！！！","薇薇安释放3（每75技术强度增加1）道震波，每道震波对锁定的敌人造成薇薇安60%技术强度的技术伤害。 如果敌人再薇薇安周围一格范围内则将其眩晕2秒并击退2格"
"SK_041","OP_29","科迪斯","技能","绝境药剂","科迪斯为一名敌人注射药剂，使其在4秒内总共受到相当于科迪斯300%技术强度的技术伤害。"
"SK_042","OP_30","克里斯蒂娜","技能","出血","克里斯蒂娜没有专注条。当她在场时每当敌人身上的流血累计造成了克里斯蒂娜技术强度的80%的伤害时克里斯蒂娜就会使其大出血一次，造成克里斯蒂娜80%技术强度伤害并且让该敌人接下来5秒内流血伤害速度提升100%。克里斯蒂娜每次攻击都会叠加1层流血"
"SK_043","OP_31","霍格尼恩","技能","高级保养","霍格尼恩立即为血量百分比最低的干员提供相当于自身1000%专注回复的护盾以及20防御，持续四秒"
"SK_044","OP_31","霍格尼恩","被动","后备充足","霍格尼恩拥有额外一格装备栏。霍格尼恩每穿戴一件装备获得额外2专注回复"
"SK_045","OP_32","梅帝莎","技能","对赌协议","梅帝莎为输出最高的干员提供对赌协议持续7秒，持续时间内该干员每秒受到5%最大生命值真实伤害并获得20（梅帝莎每25技术强度增加2点）吸血和40（梅帝莎每10点技术强度增加1点）点攻击速度"
"SK_046","OP_33","丁乐","技能","天元渡","丁乐链接血量百分比最低的友军每秒为其回复相当于10+自身技术强度60%的血量"
"SK_047","OP_34","克洛克","技能","非线性时间","克洛克释放立场扭曲一点范围的时间流速持续8秒。在其中的友方干员获得30（每点专注回复加1）点攻击速度和5点专注回复。敌人减少30（每点专注回复加1）点攻击速度和5点专注回复"
"SK_048","OP_35","菲格林","技能","投资","菲格林只有两格射程，释放技能时为1（每5专注回复加1）名干员附加自身100%技术强度的护盾。释放目标数超过4则会按照顺序重复套盾"
"SK_049","OP_36","N","技能","启示","N为前5秒内输出最高的友军干员提供强化最多可叠加三层持续到战斗结束。第一层提供35点攻击速度10专注回复。第二层提供40攻击力和60技术强度。第三层提供15%伤害和20吸血。当一个单位叠满三层后N将选中另外的干员做为目标"
