"---","Name","Alias","Class","Camp","CombatStyle","HP_D","HP_C","HP_B","HP_A","HP_S","DEF_D","DEF_C","DEF_B","DEF_A","DEF_S","RES_D","RES_C","RES_B","RES_A","RES_S","ATK_D","ATK_C","ATK_B","ATK_A","ATK_S","TECH_D","TECH_C","TECH_B","TECH_A","TECH_S","ASPD_D","ASPD_C","ASPD_B","ASPD_A","ASPD_S","FOCUSREGEN_D","FOCUSREGEN_C","FOCUSREGEN_B","FOCUSREGEN_A","FOCUSREGEN_S","FOCUSINIT_D","FOCUSINIT_C","FOCUSINIT_B","FOCUSINIT_A","FOCUSINIT_S","FOCUSMAX_D","FOCUSMAX_C","FOCUSMAX_B","FOCUSMAX_A","FOCUSMAX_S","FocusPerAttack","Range","EquipSlotMax","SkillName","SkillDesc","PassiveName","PassiveDesc","C1_Name","C1_Desc","S1_Name","S1_Desc","C2_Name","C2_Desc","S2_Name","S2_Desc","C3_Name","C3_Desc","S3_Name","S3_Desc"
"---","FString","FString","FString","FString","FString","float","float","float","float","float","float","float","float","float","float","float","float","float","float","float","float","float","float","float","float","float","float","float","float","float","float","float","float","float","float","float","float","float","float","float","float","float","float","float","float","float","float","float","float","float","float","int32","int32","FString","FString","FString","FString","FString","FString","FString","FString","FString","FString","FString","FString","FString","FString","FString","FString"
"OP_01","索利瓦尔","巨斧","战士","","近战","160","260","380","580","700","10","40","70","120","150","10","15","20","20","25","30","45","60","80","110","0","0","0","0","0","80","80","80","80","80","5","5","5","5","5","0","0","0","0","0","100","100","100","100","100","0","1","4","巨斧裂体","索利瓦尔将巨斧劈下，对单个敌人造成200%攻击力物理伤害","","","处刑者","索利瓦尔专注值上限减少20，使用巨斧裂体击杀敌方时直接补满全部专注值并为自己回复20%生命值，累计击败20个敌人永久获得50暴击和80攻击力，累计击败60人永久获得30%吸血，累计击败100敌人则巨斧裂体能够暴击，累计击败200敌人巨斧裂体将转为真实伤害（无视防御）","资深处刑者","战斗开始时专注条将直接充满，巨斧裂体获得强化，将直接斩杀生命值低于5%的敌人，且巨斧裂体将对选中目标所在的格子四周相邻格子造成60%伤害。选中目标如未能斩杀则降低敌方10%最大生命值上限（不可叠加）且初次造成该效果时造成额外造成敌方10%最大生命值的物理伤害。","嗜血屠夫","获得10点攻击力以及30点攻击速度。巨斧裂体转为造成两次60%攻击力伤害，但是被视为普通攻击（可以附带攻击时的附加特效且能够暴击），专注值上限降为50。巨斧裂体每次命中会为敌方施加5点伤口。","血欲（屠夫升级）","获得20%攻速，每次攻击流血目标时获得2点攻速（可无限叠加），持续三秒，每12次攻击都会免费释放一次屠夫版巨斧裂体。","无畏先锋","获得坦克职业标签和100最大生命值，每次升级额外获得100最大生命值。巨斧裂体改为对敌人造成30%自身最大生命值的物理伤害并为自己提供该技能造成伤害40%的治疗，释放时会嘲讽周围敌方单位，持续4秒（使其攻击释放嘲讽的单位）","钢躯（无畏先锋升级）","巨斧裂体强化后的嘲讽每嘲讽到一个单位就额外获得30点防御（可叠加），持续7秒，同时获得30技术抗性以及自身15%最大生命值的护盾"
"OP_02","拉娜","锤妹","战士","","近战","160","300","400","580","750","10","30","60","110","135","10","15","20","20","20","25","45","60","80","110","0","0","0","0","0","75","75","75","75","75","5","5","5","5","5","0","0","0","0","0","100","100","100","100","100","0","1","4","当心头顶！","拉娜的下一次普攻将被强化，狠狠将铁锤砸下，对选中敌人以及其相邻的六格造成150%攻击力加上10%自身当前生命值的物理伤害，并使命中的敌人受到“击破”效果，其造成的伤害减少10%，持续5秒。当心头顶无法暴击。","","","再来一锤！","拉娜专注值上限变为250，当心头顶获得强化，额外造成50%攻击力伤害和10%自身当前生命值的物理伤害，每次释放都会直接充满拉娜的专注值。","破垒铁锤（再来一锤强化）","释放当心头顶时拉娜还会回复自身已损生命值的8%（每100攻击力加1%）的血量，并使敌人防御减少15（可叠加），持续到战斗结束。","一鼓作气！","获得20点攻击速度和刺客职业标签，获得抢攻（5），拉娜在持续时间内将每次普攻都换成当心头顶技能。受到击破效果的敌人还将减少20点防御。拉娜专注值上限变为250","全部打碎！（一鼓作气强化）","当心头顶可以暴击，拉娜获得15点暴击，每次击杀都会使拉娜永久增加2点暴击和5点攻速。","我来！","拉娜获得20防御和10技术抗性和100最大生命值，获得坦克职业标签。当心头顶！额外造成100%自身防御力的物理伤害并为拉娜提供自身10%最大生命值的护盾。每次释放当心头顶拉娜将永久获得3点防御，拉娜专注值上限变为80。","躲在我身后！（我来强化）","拉娜获得50点防御，拉娜使用当心头顶会为开局自身正后方的一位干员同样施加护盾。护盾持续时该干员释放技能会为拉娜回复5%最大生命值以及10专注值"
"OP_03","K","防卫机器人","战士","机械","近战","175","300","400","500","600","20","50","70","90","110","20","20","20","20","20","35","55","75","95","120","0","0","0","0","0","85","85","85","85","85","5","5","5","5","5","0","0","0","0","0","100","100","100","100","100","0","1","4","镇暴模式","K开启镇暴模式，展开笼罩自身周围相邻六格的领域，每秒为领域内的敌人施加5层静电紊乱，领域内的敌人每两秒被眩晕0.5秒。镇暴模式下K的攻击也将使敌人受到5层静电紊乱。开启镇暴模式后K不会立即清空专注值而是以每秒消耗5点专注值，且镇暴模式下K不会回复专注值。","","","电磁爆发模块","K获得技术官标签和30点技术强度，镇暴模式的领域范围扩大一格，每秒对内部的敌人额外造成0.2×技术强度的技术伤害，该领域不再跟随K而是向敌人最密集的位置移动。K的攻击不再施加静电紊乱，但是领域施加的静电紊乱提升为10层。","本性的泯灭","领域的伤害频率变为0.5，且对最中心的敌人额外施加5层静电紊乱，最中心的敌人每次受到电磁爆发时都会让自己相邻一格内的敌人受到同样的伤害。","阴霾的记忆","镇暴模式持续时间为无限，K将在战斗开始时就进入镇暴模式，镇暴模式不再消耗专注值而是每秒为K提供5专注值，当专注值满时K会再次叠加一次镇暴模式，使镇暴模式效果翻倍，同时每秒对自身施加2层静电紊乱（每次叠加领域都会使该数值翻倍）。K不再使用普通攻击，镇暴领域内敌人触发静电紊乱10层的爆发时，额外受到K20%技术强度的技术伤害。","那一日","现在每层镇暴模式下K还会额外为自身提供15技术强度和5专注回复，但同时也会每层领域使自身减少1点精神值每秒。","灭杀的指令","K获得刺客标签，镇暴模式下K将不再展开领域，而是改为灭杀指令，消耗所有专注值移动到最脆弱的敌方单位，并对周围1格范围内敌人造成自身攻击力150%的物理伤害并晕眩敌人1秒，该技能对低于50%生命值的敌人额外造成30%伤害，如果成功击杀敌人会提供2点魂晶。","自我的毁灭","抢攻（4），K获得额外10%攻击力，并且会在持续时间内迅速释放4次灭杀指令。释放完后或是抢攻结束后K将再次释放一次强化的灭杀指令，范围扩大一格同时额外造成300%自身攻击力的真实伤害，随后K将被击败"
"OP_04","王恩","带着有明显融化痕迹的重甲","战士","","近战","170","300","450","600","750","15","35","55","75","95","10","20","20","25","25","25","40","55","70","90","0","0","0","0","0","50","50","50","50","50","0","0","0","0","0","0","0","0","0","0","50","50","50","50","50","0","1","4","寂灭","王恩的攻击速度最多为80点。溢出的攻击速度将转化为攻击力。王恩造成伤害时无视敌方的20点防御，且自身无法获得每秒专注回复，但是每次攻击都会回复10专注值。专注值满时，王恩将挥动重锤对自己朝向的相邻三格的敌人造成100%攻击力的物理伤害并使击中的敌人晕眩0.5秒，随后再次猛击前方的一格，对该范围内的敌人造成120%攻击力的物理伤害。","","","扼杀歌喉","释放寂灭后，王恩将抽取击中敌人的专注，让敌人损失40专注，每命中一人自己回复5点专注。","缄默美德","被寂灭命中的敌人将沉默3秒。当有敌人被沉默时，王恩每次寂灭都会回复10专注。","破灭","王恩的攻击将造成自身攻击力120%的伤害并额外回复10专注，寂灭不再释放第一段，但第二段砸击释放获得40%吸血并额外增加20%伤害。王恩击败敌人会为自己永久提供5防御3暴击5点攻速和1吸血。","寂静之王","获得700最大生命值，同时自身受到的伤害减少10%。开局时将自身所有生命值转化成护盾，每次吸血或是治疗都会直接增加护盾量，王恩的普攻会命中朝向的三格范围所有敌人。每次战斗结束都会保留护盾，最多相当于自身最大生命值的护盾数量","熔铁囚徒","王恩获得坦克标签以及30防御和20抗性。寂灭会为命中的敌人附加10层灼烧。每有一个敌人每被施加1层灼烧，王恩就获得相当于1.5层护盾。后发（20）王恩释放铁铠内的蚀火，对周围一个范围内敌人每秒施加相当于自身0.1×防御力的灼烧层数。","永罚蚀火","王恩每秒为自己施加15层灼烧，且王恩不会受到灼烧的伤害，而是转为每秒回复相当于灼烧层数的生命值。最大生命值提升20%。王恩周围一格内的敌人将受到王恩自身灼烧层数的技术伤害"
"OP_05","李","","战士","江湖","近战","140","220","300","400","500","10","20","30","40","55","10","10","10","10","10","30","40","55","70","90","0","0","0","0","0","100","100","100","100","100","5","5","5","5","5","0","0","0","0","0","100","100","100","100","100","0","1","4","棍舞","李挥舞长棍，持续3秒。在此期间内所有来自朝向的攻击将无效。结束时李将立棍下劈，对前方造成攻击力200%的物理伤害。棍舞只能格挡攻击，无法减免攻击附加的减益。","","","心如止水","李获得坦克标签以及100生命值30防御。李的精神值不会下跌，每次释放棍舞格挡伤害时都会让伤害来源被施加一层冰冻。后发（25），李将获得100%生命值的治疗，每次攻击都会附加一层冰冻。每次释放棍舞永久增加自身10点最大生命值以及3防御","不动禅","棍舞能格挡所有方向的攻击，李的专注值上限减少10点。战斗中李的生命值在不受到伤害2秒后每秒增加10点防御。","如龙","棍舞期间将格挡的伤害转为护盾，立棍下劈额外附带自身护盾量的伤害。","百般武艺","所有抢攻延长3秒，所有后发提前五秒。抢攻（2）李不受到任何伤害，后发（30）李每秒获得1层燃尽，每层燃尽将每秒造成李百分之2最大生命值的真实伤害。李的专注值将一直处于满额状态。","淬体","每次受到伤害都会随机永久获得以下属性（1暴、3攻击力、1吸血、2攻速、10最大生命值，2专注值上限），专注上限增加20.。棍舞的下劈可以暴击","同门","李依靠如龙获得的属性提升100%，唐、丁乐和朱棠也会获的淬体50%的数值，且同门的四人如果同时在场，每次战斗李和朱棠永久提升15暴击"
"OP_06","莎娜塔","拳姐","战士","","近战","160","320","450","570","760","10","30","50","70","90","10","10","10","10","10","25","45","65","85","105","0","0","0","0","0","80","80","80","80","80","5","5","5","5","5","0","0","0","0","0","100","100","100","100","100","0","1","4","格斗术","莎娜塔每次攻击都会交替出拳，按照左勾拳右勾拳上勾拳直拳节奏循环。每个动作都会比前一个攻速增加10%，如右勾拳比左勾拳快10%，上勾拳再次增加10%，直拳再次增加10%随后攻击速度增益归零。左勾拳右勾拳造成80%攻击力的物理伤害，上勾拳造成80%攻击力物理伤害并使敌人被击飞0.5秒，直拳造成攻击力120%物理伤害并无视敌方20点防御。专注值充满时莎娜塔将获得斗志状态持续6秒，该状态下，莎娜塔获得20点攻击速度并且攻击造成额外20%攻击力的物理伤害并无视敌方10点防御。","","","无穷斗志","莎娜塔获得抢攻（6）斗志，专注值充满时不再获得斗志，而是刷新自身所有抢攻。","擂台新星","斗志效果更改为，为莎娜塔提供相当于（本局触发抢攻次数×5）点攻击速度。莎娜塔额外获得相当于10%攻击速度的攻击力。每攻击20次提供4点魂晶","笼中困兽","莎娜塔获得坦克标签并获得200最大生命值，莎娜塔获得自身血量10%的攻击力，每次战斗结束时幸存都会永久增加50最大生命和10点防御","狂怒","上勾拳击飞时间延长1秒，直拳额外造成相当于自身10%最大生命值的物理伤害，直拳为自身提供造成伤害50%的护盾","阴沟法则","每次直拳都会对敌方施加五层伤口以及5层流血，且每次攻击都会刷新伤口持续时间。莎娜塔对有伤口的目标每次攻击额外无视相当于伤口层数的防御。","鼠王","全体获得效果，每次攻击附加1层伤口，对带有伤口的目标造成伤害时无视30防御并自身获得持续3秒的5点攻击速度（可叠加）"
"OP_07","J","","刺客","机械","近战","100","170","240","310","490","10","15","20","30","40","0","0","0","0","0","30","55","80","105","130","0","0","0","0","0","80","80","80","80","80","5","5","5","5","5","0","0","0","0","0","100","100","100","100","100","0","1","4","指令：刺杀","J立即锁定敌方最脆弱的单位丢出电磁飞剑，对其造成相当于180%攻击力的物理伤害，该次伤害可以暴击。当拥有充能时，J会消耗一层充能强化该技能，使电磁飞刀命中后标记敌方，J的下一次攻击将会引爆标记并额外造成攻击力140%的物理伤害，标记持续10秒。","充能","充能：J每次对敌人造成超过对方40%最大生命值的伤害时会获得一层充能。","情报审问","每次使用电磁飞刀时J都会获得一层情报，五层时提供5/10/15/20（随等级提升）魂晶，随后失去所有情报。如果J使用指令刺杀直接击杀敌人那么他将额外获得3层情报。","监视","当战斗中敌方想要释放技能时，J都会立即对其丢出电磁飞刀造成180%攻击力的物理伤害并打断该次技能，该效果每场战斗最多触发3次。","能源核心","当J阵亡时，同为机械阵营的干员（优先级N、X、V、D可以，K不可以）可以获得核心-J，使自身技能在本次战斗中一直处于充能状态。J获得的充能翻倍同时获得充能时额外获得20专注","指令协同","J在参与击杀时也会获得一层充能，当阵容内有其他机械阵营干员时会将充能转移给最近的机械干员。同时每当机械阵营的干员使用技能时，J也会无消耗的向干员技能锁定的敌人丢出没有充能的电磁飞刀。","火力模组","指令：J获得射手标签和20点攻速。刺杀效果变更为，在接下来的5秒内J的普攻距离将变为远程（4格），每次攻击都会丢出飞刀造成110%攻击力的物理伤害并获得30点攻击速度。充能状态下，普攻会额外丢出一把飞刀，优先锁定另一个目标。如果同一次普攻的两把飞刀同时锁定同一个目标那么第二把飞刀只会造成30%攻击力的物理伤害。","预热","后发（10）J的攻击将一直处于丢出飞刀的远程状态，充能不再强化其技能而是提供满额专注，充能获取条件改为释放15次普攻。专注条满时，指令刺杀效果变为J进入强化状态，消耗所有专注并为自身提供额外20%攻速，普攻会额外丢出一把飞刀，持续时间6秒，可以叠加3次"
"OP_08","唐","","刺客","江湖","近战","110","180","260","350","450","10","20","30","30","40","20","20","20","20","20","35","60","85","110","140","0","0","0","0","0","80","80","80","80","80","5","5","5","5","5","20","20","20","20","20","80","80","80","80","80","0","1","4","影步","唐立刻进入隐身状态，此状态下敌人无法锁定唐作为攻击目标但依然会受到范围伤害，持续4秒。随后唐锁定敌方最脆弱的单位的并使自身下一次普攻获得100点暴击和20点防御无视。","脱兔 / 背刺","脱兔：当唐的血量首次跌至40%时会立即无消耗的释放影步。 || 背刺：唐对不面朝自己的敌人造成额外20%伤害并无视敌方20点防御","暗杀委托","唐使用影步击杀敌人时会回复60点专注并提供5点魂晶。每次释放影步都会消耗一点魂晶并永久为自身提供3攻击和3暴击。","唐门","编队里每有一名刺客都会使编队所有刺客获得15点暴击、30点攻击和15点无视防御。隐身状态下每秒唐回复10点专注。抢攻（5）刺客获得100暴击，击杀敌人额外提供15魂晶。后发（15）所有刺客都进入隐身状态持续四秒，每秒回复自身20%最大生命值并立即回满精神值。","斩草","唐的影步不再为普攻提供暴击，转而代之使唐的普攻在接下来5秒内每次附带10层中毒，并提供40点攻速。每有一个敌人处于中毒状态唐都会获得2点每秒专注回复","除根","影步状态下每次攻击都将额外造成相当于敌人身上中毒层数的真实伤害。普攻额外附加5层中毒","影斩","影步不再提供隐身和攻击强化，而是使唐短暂进入不可选中的状态两秒，并瞬移至敌方最脆弱的单位旁释放4次斩击，每次斩击都会对唐自身周围一格范围内造成140%攻击力的物理伤害并对命中的敌方施加5层流血","不容","每次释放影斩唐都会释放一名影分身，分身继承其60%属性并且会在唐释放影斩的时候同步释放，但不会瞬移至敌方最脆弱的单位旁。"
"OP_09","查拉","蛇妹","刺客","","近战","90","160","210","300","400","10","20","30","40","50","10","10","10","10","10","25","40","60","80","100","30","50","80","120","170","70","70","70","70","70","5","5","5","5","5","20","20","20","20","20","70","70","70","70","70","0","1","4","蛇咬","查拉放出毒蛇攻击敌方最脆弱的单位，对其造成相当于100%技术强度的技术伤害并附加10层中毒。","","","绞杀","查拉获得战士标签和30点技术强度10防御和100/200/300/375生命，蛇咬效果变为查拉近身搏斗造成相当于技术强度130%的技术伤害并为自身提供60%技术强度的护盾，持续五秒，让锁定的敌人眩晕2秒。这个技能会随着释放次数获得强化。释放十次后查拉永久获得200生命值和40技术强度。释放25后查拉专注值上限变为50，绞杀造成伤害变为150%技术强度的技术伤害。释放30次后绞杀晕眩时间增加一秒并额外提供查拉10%最大生命值的护盾。释放60次后绞杀还会额外造成敌人15%最大生命值的技术伤害","搏杀柔术","绞杀的攻击数量变为3名敌人","蛇吻","专注值上限变为30，蛇咬变更为造成20%技术强度的技术伤害并附带10层中毒。查拉每100技术强度都会使蛇咬额外释放一条蛇。","蛇心","蛇咬额外释放两条蛇并能够额外附带5层中毒，专注上限变为20。蛇咬命中时如果敌人身上拥有100层以上的中毒则会不会施加中毒而是额外造成中毒层数的技术伤害并消耗敌方身上10层中毒","鳞甲","查拉获得坦克标签和300生命值40防御。每有一个敌人处于中毒状态查拉获得2点生命回复。蛇咬效果变更为对查拉周围一格范围释放毒雾，对其中的敌人每秒施加3层中毒，并为查拉提供40防御和技术抗性。","石化","释放技能时查拉还会嘲讽所有敌人持续4秒，每有一个敌人将查拉视为攻击目标时查拉获得1点生命回复和30防御。每受到20次攻击查拉就会石化周围两格范围内所有敌人是他们晕眩2秒"
"OP_10","玛恩娜伯爵","","刺客","","近战","120","200","280","400","480","10","25","40","55","70","10","10","10","10","10","25","40","60","80","100","0","0","0","0","0","80","80","80","80","80","5","5","5","5","5","20","20","20","20","20","100","100","100","100","100","0","1","4","决斗","伯爵嘲讽一格目标并将其视为攻击目标，持续6秒。在此期间伯爵被其他敌人锁定的优先级降至最低。在此期间伯爵将获得30点暴击以及30点无视防御。","鹰眼","鹰眼：伯爵能够看出对手的破绽，她每对一名敌人造成3次暴击就会对其造成相当于敌人5%（每100攻击力增加1%）的物理伤害，该伤害无法暴击。","老钱","每次决斗中击败敌方都会提供5魂晶，决斗时额外获得15暴击和10点无视防御。并且在决斗中击败敌人将会获得可叠加的20点暴击，持续到战斗结束。获得抢攻（5）普通攻击额外提供5专注。","大亨","本局游戏每通过技能效果获得10魂晶，伯爵的抢攻效果就提升1%（抢攻提供的属性或是造成的伤害）。每次释放决斗都会刷新自身抢攻效果。决斗击败敌人额外获得10魂晶","死斗","伯爵获得战士标签以及150最大生命值20攻击力。战斗开始时就会释放一次决斗，决斗持续时间改为无限，每次击中破绽会为伯爵回复相当于该次伤害50%的回血，每次击败敌人都会立刻开启下一次决斗。决斗胜利会为伯爵提供10（每80攻击力增加1点）点生命回复持续3秒。","私生子","决斗期间，伯爵受到决斗目标的伤害时只会受到70%伤害，剩下30%伤害将在3秒内逐渐结算。决斗期间内每次触发鹰眼都会提供持续到战斗结束的可无限叠加的5暴击和15点攻速。当暴击达到300点时伯爵会获得清算效果，每次攻击都会触发鹰眼且鹰眼的伤害可以暴击并无视敌方50点防御","不染尘埃","伯爵获得支援标签。决斗效果变更，伯爵将开局编队中放置在自己正前方的干员选为代理人，释放决斗时代理人而不是伯爵本人将与敌方一名敌人建立决斗，该名干员会获得决斗的所有加成。决斗期间伯爵不会攻击敌人，并转而为自己的代理人提供伯爵30%的属性。决斗期间伯爵死亡或是代理人死亡都会导致双方一同被击败。鹰眼效果变更为代理人每暴击三次伯爵都会为其治疗5（每80点攻击力增加1）%已损生命值的治疗。","蓝血","伯爵不再攻击敌人，普攻只能对友方单位进行、为目标回复相当于伯爵攻击力50%的血量；非决斗期间自动选择血量百分比最低的友方干员，决斗期间普攻目标锁定为代理人（即只能对代理人普攻并回血）。代理人从伯爵处获得的治疗量和护盾量提升20%，并可以将来自伯爵溢出的治疗转化为护盾。代理人血量每失去10%伯爵都会消耗1魂晶为其提供伯爵100%攻击力的护盾。决斗期间伯爵照常进行上述治疗型普攻，目标锁定为代理人"
"OP_11","波安","烧伤哥远程十字弩","刺客","","远程","100","180","260","380","450","10","25","45","60","80","10","10","10","10","10","20","45","70","90","110","0","0","0","0","0","70","70","70","70","70","5","5","5","5","5","0","0","0","0","0","100","100","100","100","100","0","4","4","斥候标记","与其他刺客不同波安使用十字弩作为武器，其射程为远程（4格）.每十秒波安会自动标记一名敌人，标记持续6秒优先标记未标记的敌方最脆弱的单位。当专注值满时，波安会对所有标记的目标射出弩箭，造成相当于120%攻击力的物理伤害。波安的普攻也会标记敌人。","","","弱点暴露","波安获得25暴击，暴击对于标记的敌人额外造成20%暴击伤害。波安的标记会使标记的敌人减少20防御和10技术抗性。标记持续时间增加2秒。获得抢攻（10）攻击被标记敌人会额外造成30%攻击力的物理伤害，击杀可以提供3魂晶。","猎手姿态","波安的每次普攻都会对所有被标记的敌人造成伤害，波安造成伤害即可附带标记。波安优先攻击没有标记的目标且当所有敌人被标记后会优先攻击最脆弱的敌人。波安技能改为专注值满时对所有带有标记的目标额外射出一支造成160%攻击力物理伤害的箭矢","火雨","波安的普攻会对标记的目标施加2层灼烧。此外每10秒额外自动标记一名敌人。释放技能时会额外对命中的敌人附加10灼烧，对标记的敌人再额外施加15层。获得后发（15）波安施加的灼烧额外增加1层","疼痛的记忆","战斗中波安每施加50层灼烧都会额外释放一次技能,灼烧的敌人死亡时波安下次技能会对敌人射出助燃箭矢，使该敌人被施加相当于死亡敌人身上50%的灼烧层数","侦察优势","波安获得支援标签并降低10点专注上限。每次战斗结束波安都会在地图里下一行标记出一个地点。玩家可以无视路线直接进入被标记的地点并额外获得3魂晶。每次经过一个节点波安都会永久增加1专注回复。波安技能改为援护射击，消耗所有专注值立即向己方输出最高的干员攻击的目标发射一枚穿甲箭矢。减少命中敌人20%防御和抗性持续7秒不可叠加，重复命中时额外减少敌人5点防御和3抗性并刷新持续时间，可无限叠加。","苦旅","每次经过被标记的地点，波安都会永久获得30生命值、3防御、1抗性、1专注回复。额外标记同一行内的一个地点。"
"OP_12","格斯","","刺客","","近战","130","220","330","440","550","15","30","40","55","70","10","10","10","10","10","35","45","55","65","65","10","30","60","90","110","80","80","80","80","80","0","0","0","0","0","0","0","0","0","0","0","0","0","0","0","0","1","4","狂热","获得抢攻（7）获得10%（每10技术强度增加1%）攻速，攻击20次会触发技能再次触发狂热","高压双匕","高压双匕：格斯的武器高压双匕依靠强大的电流造成伤害，每次普攻都会造成相当于60%技术强度的技术伤害，且格斯获得额外10%攻击速度","眩目攻势","格斯获得100点专注上限，每次攻击回复8点专注。专注值满时释放炫目斩击，连续攻击目标3（每100攻击速度增加一次）次，每次造成80%技术强度的伤害且每一次都视作普攻","极速","格斯的炫目斩击将变为脱手技能，出手之后格斯依然能够正常攻击，炫目斩击的伤害将自动触发，格斯攻击额外造成相当于20%攻击速度的技术伤害","雷霆手段","格斯攻击速度固定为100点，每溢出一点格斯获得一点法强。格斯每攻击6次，都会化作雷电在敌人之间弹射六次，每次弹射造成120%技术强度的技术伤害。释放期间格斯处于无敌状态","双雷","格斯每次释放雷电弹射时都会再次释放一次造成40%伤害的雷电同步弹射","电势积累","格斯每次攻击都会为敌人附带2层静电紊乱，狂热期间变为附加3层","连锁","格斯每次攻击会弹射额外2个目标并造成40%技术强度的技术伤害，并同样为他们附加2层静电紊乱。格斯的普攻对主目标额外施加2层静电紊乱"
"OP_13","V","","射手","机械","远程","100","160","240","310","390","10","20","30","40","40","10","10","10","10","10","25","45","65","90","110","0","0","0","0","0","80","80","80","80","80","5","5","5","5","5","0","0","0","0","0","100","100","100","100","100","5","4","4","反恐无人机","V召唤一架无人机，无人机拥有V30%的属性并会和V攻击同一目标。拥有充能时释放会让所有无人机释放一次能量射线，造成相当于V80%攻击力的物理伤害并消耗一层充能","充能","充能：V每攻击10次获得一层充能","机群待命","无人机不再拥有血量而是随同V的攻击进行开火，V被击败时无人机也将消失。V初始拥有1/2/3/4架无人机（随等级提升）。","协同攻势","无人机造成伤害时也会为V提供1点专注，此外每次释放技能V都会额外获得持续到战斗结束可叠加的20点攻击速度。","自杀式袭击","V获得技术官标签和50技术强度。无人机召唤话出来后将直接飞向V攻击的目标自爆，造成相当于V技术强度120%的技术伤害。拥有充能时，额外召唤一架无人机并消耗一层充能","智械们","当V阵亡后可以提供核心-V，为同为机械阵营的一名干员（优先级N、X、J、D）增加相当于V50%的技术强度和生命值，且V阵亡后机械阵营中的干员（N、X、J、D）每次释放技能都会召唤一架轻型自爆无人机，对一格敌人造成40%释放者技术强度的技术伤害。当V开局被放置在第一排时，V将开局召唤两架自爆无人机并立即阵亡","军团模块","V获得战士标签并获得30点攻击力和150点生命值，射程变为一格。技能不再召唤无人机而是召唤一个V的分身，分身具有V60%属性并且敌人会优先锁定分身。分身没有技能。","钢铁的未来","V的分身将同样获得V的召唤分身能力。"
"OP_14","蕾拉中尉","炮姐","射手","","远程","130","260","450","580","690","10","30","40","60","80","10","20","20","25","30","30","60","90","120","150","0","0","0","0","0","50","50","50","50","50","5","5","5","5","5","0","0","0","0","0","100","100","100","100","100","5","6","4","轰炸区","蕾拉中尉立即向攻击的目标发射3发炮弹对其一定范围内的敌人造成3次110%攻击力的物理伤害","重炮","重炮：蕾拉中尉使用重炮作为武器，其攻击速度固定为50点，每溢出一点就转化为1攻击。同时蕾拉中尉拥有6格射程，每次攻击造成120%攻击力物理伤害并会对敌人周围也造成80%伤害","摧城重炮","蕾拉每10点攻击力就会获得1点暴击，每5点暴击就会获得1点无视防御和每秒专注回复。","地狱的起点","蕾拉的重炮额外获得20暴击，但是造成的暴击伤害会波动。下限为（120+蕾拉的暴击减200）%，上限为（150+蕾拉的暴击加50）","火力掩护","蕾拉获得支援标签以及10专注回复和3点生命回复，攻击造成的伤害降低50%但每次攻击都为所有同一排的干员提供持续6秒的30点暴击和20点攻击速度，不可叠加。轰炸区不再造成伤害，爆炸范围扩大，锁定血量最低的友军释放3次空投，为轰炸范围内的干员提供3次相当于500%蕾拉每秒专注回复的护盾。血量最低的干员每次释放技能蕾拉都会空投一次，提供一次500%蕾拉每秒专注回复的护盾。","坚实后援","蕾拉的普攻不再攻击敌人，而是为血量最低的干员提供相当于蕾拉100%技术强度+200%每秒专注回复的护盾。溢出的每10点攻击速度转化为蕾拉1点每秒专注回复。蕾拉专注度上限变为90.","不可忘却的罪","蕾拉每次攻击和轰炸都会在地面留下持续2秒的灼烧区域。灼烧区域内的敌人每秒增加10层灼烧。灼烧区域不可叠加。","依旧炙痛的疤痕","蕾拉每次攻击都会对击中的目标造成额外相当于100%（每点暴击增加1%）目标灼烧层数的物理伤害灼烧区域可以叠加一次。"
"OP_15","克劳伦","双枪","射手","","远程","130","200","270","340","450","15","35","55","75","90","10","10","10","10","10","25","45","65","85","110","0","0","0","0","0","70","70","70","70","70","5","5","5","5","5","0","0","0","0","0","100","100","100","100","100","5","4","4","枪火盛宴","克劳伦立即向敌人所在方向射击8（每20点攻速增加1）次，每次造成40%攻击力+15%暴击的物理伤害","双枪","双枪：克劳伦每次攻击都会射击两次，每次造成55%攻击力的物理伤害，克劳伦的总攻击速度×90%","淘金热","克劳伦每射击25次就会提供5魂晶。克劳伦造成伤害时额外附带相当于5×本局内提供魂晶次数的额外物理伤害","一无所有","克劳伦每有一格空置的装备栏，普攻就会额外射击1次，并获得75生命值20攻击力20点攻速10点暴击5点无视防御15防御","人靠衣装","克劳伦额外获得一格装备栏，每装备一件装备，克劳伦获得20点攻速10点攻击力5点暴击3点无视防御","花花公子","克劳伦额外再获得一格装备栏，并获得装备华丽双枪（克劳伦专属），效果为克劳伦射击200次后，永久获得效果，普攻改为射击4次，枪火盛宴额外射击4次并且会穿透敌人，永久获得20暴击50攻击速度。每次攻击都会将造成伤害的25%额外传给最近的一名敌人","自由开火","克劳伦枪火盛宴改为2秒内对周围两格内敌人泼洒9（每20点攻击速度增加1次，每10点暴击增加1次）次弹幕，对范围内所有敌人造成相当于克劳伦40%攻击力+15%暴击的物理伤害","千疮百孔","被枪火盛宴命中的敌人会失去5%防御以及5技术抗性最多叠加5层，持续5秒。枪火盛宴额外获得20吸血并且可以暴击。克劳伦专注上限变为60，并额外获得10%暴击。开局时克劳伦立即免费释放一次技能"
"OP_16","朱棠","弓姐","射手","江湖","远程","110","200","270","360","450","15","30","45","60","80","10","10","10","10","10","30","55","80","105","130","0","0","0","0","0","80","80","80","80","80","5","5","5","5","5","20","20","20","20","20","100","100","100","100","100","5","4","4","秘法","朱棠每第二次射击都会将伤害转化为技术伤害并获得相当于该次伤害20%的治疗。当专注值满时朱棠消耗所有专注值获得强化，为自身提供30攻击速度，5吸血，20攻击力，持续到战斗结束，可无限次叠加。朱棠的攻击无法暴击，每点暴击转化为1点攻速","","","定魂","每次造成技术伤害都会附加一层冰冻，对冰冻目标增伤10%。每对一名敌人施加10次冰冻朱棠下一次施加冰冻会导致该名敌人被晕眩3秒并为朱棠提供60专注","无波之心","朱棠每第二次射击会吸收敌人身上一层冰冻并为朱棠提供一层镜心，镜心永久保留。每10层镜心会为朱棠提供10攻击速度，每20层镜心朱棠的第二次射击额外造成相当于攻击力10%的秘法伤害和2%吸血和2无视技术抗性。当拥有80层镜心时，朱棠的射击节奏中第一次射击附带敌人8%当前生命值的物理伤害，第二次射击时附带8%敌人已损生命值的技术伤害。拥有100层镜心时，朱棠的攻击会对直线上所有敌人造成伤害。","三元循环","朱棠的射击方式改变，在原先基础上增加第三次射击额外触发一次攻击附带特效，第三次射击一半转化为技术伤害并提供5专注值与30吸血，并无视敌人20技术抗性与40防御。","我流","第三次射击转变为真实伤害，且攻击会在敌人周围两格范围弹射最多6次","往日同门","每次触发秘法的加成时还会将50%的属性提供给同属于江湖阵营的干员（唐，李，丁乐）。朱棠的专注值上限变为70。每名同门为朱棠提供5%攻速和5点无视防御","断舍离","朱棠不再为同门提供属性，每名同门减少朱棠20专注上限，朱棠获得50吸血但是无法从同门处获得护盾与治疗。朱棠开局时与周围最近的干员每距离一格，秘法获得的属性加成增加20%，最多60%。朱棠可以将溢出的治疗和吸血转化为护盾，最多不超过自身生命值的150%。"
"OP_17","科雷","","射手","","近战","130","200","300","420","600","15","35","55","80","90","10","10","10","20","25","30","50","70","90","110","0","0","0","0","0","60","60","60","60","60","5","5","5","5","5","0","0","0","0","0","100","100","100","100","100","5","2","4","","科雷使用霰弹枪进行攻击，攻速收益仅有20%。攻击范围为两格。每次攻击释放6颗子弹，每一颗造成20%攻击力的物理伤害。暴击时额外射出10%×（暴击减50点）颗子弹。专注值满时下一次普攻将消耗所有专注值连射两次。","","","穿甲弹，小子！","每10点暴击将为科雷提供2点无视防御。科雷的普攻额外射出两颗子弹。","大口径轮盘赌","科雷共有6发弹容量，并装填3颗子弹，每次攻击都有50%概率无法射出，最多连续3次无法射出，但一旦成功射出就会变为及其快速的3连发。随后消耗0.5秒换弹。科雷获得40点无视防御以及20%无视防御，40吸血，40暴击。技能改为立即无需装弹的进行一次3连发。","悍勇无畏","科雷获得坦克标签，获得20/30/40/50点攻击力和100/175/225/300点生命值以及30防御20抗性。每次释放技能会为自身提供20防御和5技术抗性，最多叠加4次，持续8秒。专注值上限变为50","顶天立地","科雷释放技能获得的抗性最多可以叠加8次，每次额外提供2生命回复。技能击中敌人时每颗子弹为科雷提供1已损生命值的治疗。科雷每点暴击额外为科雷提供20生命值和5防御。","速战速决","获得刺客标签和20暴击。获得抢攻（5）科雷获得50攻击，20暴击，40无视防御，优先锁定敌人最脆弱的单位。每次暴击延长自身所有抢攻1秒。","无耻之徒","每次暴击科雷会隐身0.25秒，自身的抢攻结束时将再重复一次，只能触发一次。"
"OP_18","那摩","","射手","","远程","120","200","280","400","500","20","40","60","80","100","0","0","0","0","0","25","55","80","95","110","0","0","0","0","0","80","80","80","80","80","5","5","5","5","5","0","0","0","0","0","50","50","50","50","50","5","3","4","技巧投射","那摩使用回旋镖作为武器，射程为3格，并会在攻击时向敌人靠近至一格范围内。当回旋镖脱手后需要等其返回才能再次扔出，表现为随距离远近那摩的总攻速从80%逐渐靠近变为120%。专注值满时那摩额外再为自己添加一把持续10秒的回旋镖。每次攻击会丢出手头所有回旋镖。除了第一把，后续命中的回旋镖仅造成20%攻击力的物理伤害。","","","专注射击","那摩初始拥有一把额外的回旋镖，技能给予的回旋镖持续到战斗结束，每次攻击额外回复3+回旋镖数量的专注值。","撕裂","那摩每次造成伤害都会施加1层伤口，每次对带有伤口的敌人造成伤害都会额外获得相当于伤口层数的治疗，初始回旋镖增加两把","专一","那摩不再获得额外的回旋镖，每次释放技能那摩都会强化自己的回旋镖，使那摩永久获得2攻击2防御1无视防御。那摩攻击速度减少10%","铁星","每点防御都会增加0.5%那摩造成的伤害，那摩的防御力实际在面对伤害时效果减少50%（数值不变但是抵抗的伤害减半）。此外那摩额外拥有一把回旋镖。回旋镖每次攻击造成120%攻击力的物理伤害并无视50防御","回旋风暴","那摩获得技术官标签以及20攻击力。释放技能时那摩会让回旋镖持续在敌人周围旋转造成每秒60%攻击力的物理伤害持续到战斗结束，释放后那摩无法再普攻。每次释放技能都会再次叠加一次回旋风暴。","无休释放","那摩每10点攻速转化为1点每秒专注回复和1吸血。回旋风暴对于护盾额外造成30%伤害。伤害频率变为每0.5秒造成攻击40%的物理伤害。"
"OP_19","铁壁","","坦克","","近战","200","320","440","660","900","20","50","80","110","140","10","10","20","20","30","20","35","50","65","80","0","0","0","0","0","65","65","65","65","65","5","5","5","5","5","0","0","0","0","0","100","100","100","100","100","0","1","4","巨盾","铁壁举起巨盾，持续五秒。在此期间无法移动，技能释放时获得自身10%最大生命值的护盾30防御和10抗性。持续期间每秒获得5（每100防御增加1）%最大生命值的护盾。技能结束后护盾将持续3秒。","","","铁棘","敌人每次攻击铁壁都会获得一层伤口，攻击开启技能时的铁壁则额外获得一层伤口和一层流血。铁壁额外获得20%生命值，每有一名敌人附带15层伤口铁壁获得2生命回复。","破碎","铁壁会对每一个攻击他的敌人造成相当于自身防御力100%的物理伤害以及自身100%技术抗性的技术伤害。吸血可以作用与该伤害。铁壁拥有护盾时，这个伤害额外提升20%。","守望","开局时布置在铁壁正后方相邻的一名干员会被选为守护者。守护者获得铁壁10%防御和抗性，铁壁释放技能时会嘲讽敌人，持续5秒。守护者每次成功存活，铁壁永久增加5防御和0.5抗性。","不破之盾","铁壁额外获得20%防御和抗性。现在巨盾使用时会对守护者提供等额的护盾，守护者额外获得铁壁10%防御和抗性。","碾压","铁壁获得刺客标签和30攻击力，15暴击。铁壁每次攻击都会消耗掉自身的护盾值并造成等额的额外物理伤害。巨盾效果改为，释放时冲向敌方最脆弱的单位并为自己附加自身生命值100%的护盾。获得抢攻（4）：铁壁获得自身生命值100%的护盾。","自责","每次暴击后铁壁都会扣除自己15%当前生命值，并获得相当于此数额200%的护盾。碾压带来的伤害可以暴击。"
"OP_20","D","机械阵营","坦克","机械","近战","230","350","460","680","900","30","45","70","95","120","10","25","30","35","35","20","30","40","50","60","10","20","30","40","50","70","70","70","70","70","5","5","5","5","5","0","0","0","0","0","100","100","100","100","100","0","1","4","电磁防护","D展开电磁屏障，为自身添加自身血量20%+200%技术强度的护盾持续4秒，随后如果护盾依然存在则将该技能吸收伤害的50%转化为自身血量。拥有充能时消耗一层充能，额外获得30%护盾","充能","充能：每承自身50%生命值的伤害D获得一层充能","电力溢出","当D拥有护盾时，敌人每次攻击D都会被附加一层静电紊乱。D每对敌人施加10层静电紊乱就永久增加50生命值","战时快充","D每次损失自身10%的最大生命值都会立即消耗掉敌人身上10%静电紊乱层数并为自己添加相当于消耗掉的层数的1000%的护盾，持续3秒。护盾结束时为D提供护盾吸收的30%伤害。","家","每当D获得一层充能，都会为最近的机械干员提供一层充能。当释放技能时额外对最近的一名机械干员附加护盾，并同样能在该护盾结束时获得技能的治疗效果。每次己方机械干员释放技能都会让D获得一次自身10%最大生命值的护盾持续3秒。","唯一的可能","当D放置于第一排时他将立即为所有人提供相当于自身生命值50%的护盾并死亡，随后为一名机械干员（优先级为N、X、V、J）提供“核心-D”。拥有核心-D的干员获得D的80%属性，并且释放技能时对自己释放电磁防护，技能消耗充能时连带释放的电磁防护同样被充能。","电疗","D获得支援标签和5每秒专注回复，20技术强度。D的电磁防护改为为血量最少（百分比）的己方干员释放，并且该技能的治疗效果也改为对选中的干员生效。每次对己方干员施加的护盾未被击破都会在护盾结束时为D回复15专注。充能条件改为友方干员有人受到累计自身40%的伤害时为D提供一层充能。护盾值变更为自身120%技术强度","兼顾","释放技能时额外为一名友方干员施加80%的护盾，D在战斗中每释放5次技能都提供5魂晶。本局内每次通过技能生成15魂晶D都永久获得1每秒专注回复和10技术强度。D的专注值上限变为90"
"OP_21","奎尔","","坦克","","近战","300","450","600","750","1000","20","40","60","80","100","0","0","0","0","0","15","30","40","50","65","0","0","0","0","0","60","60","60","60","60","5","5","5","5","5","0","0","0","0","0","0","0","0","0","0","0","1","4","坚毅不倒","奎尔血量越低受到的治疗越高（每损失20%生命值则额外受到10%治疗）获得后发（15）:奎尔获得5生命回复持续到战斗结束。","","","巨人","奎尔体型增大，额外获得200/300/400/500生命值和2生命回复。获得后发（30）：奎尔治疗自己50%最大生命值并获得3生命回复持续到战斗结束","血肉壁垒","奎尔生命值提升20%，受到伤害时为奎尔提供3生命回复，可以叠加1（每300生命值增加1）次。","不移","编队所有后发提前5秒触发，每触发一次后发奎尔永久增加30最大生命值和5防御","不屈","后发（10）：奎尔治疗自身10最大生命值获得持续到战斗结束的2生命回复。后发（20）：奎尔治疗自身20%最大生命值，自身额外受到10%治疗持续到战斗结束。后发（30）：奎尔额外获得20%最大生命值和5生命回复持续到战斗结束，每有一名敌人攻击奎尔奎尔额外增加1生命回复","老兵","奎尔获得战士标签，并获得相当于自身最大生命值5%的攻击力。每在一场战斗中幸存，奎尔提升自己1生命回复和75最大生命值","钢化之心","奎尔的普攻额外造成自身4%最大生命值的物理伤害。每次与一名敌人交战4秒后奎尔下一次普攻会对该敌人造成相当于自身生命值7%的额外物理伤害并永久提升自己相当于该次伤害30%的最大生命值。该效果每名敌人有3秒冷却"
"OP_22","迈恩","","坦克","","近战","250","400","550","700","900","30","60","90","120","150","15","20","25","30","30","30","40","50","55","60","0","0","0","0","0","80","80","80","80","80","5","5","5","5","5","0","0","0","0","0","100","100","100","100","100","0","1","4","火炬","迈恩每次受到伤害额外延长自身抢攻0.3秒。专注值满时，迈恩点燃火炬，每秒对周围敌人造成20点伤害并附加3灼烧。获得抢攻（5）:迈恩每秒获得10专注值。","","","以我为炬","迈恩每次受到灼烧伤害或是为自身添加灼烧都会回复自身1（每200生命值增加1）%最大生命值。迈恩的技能额外附加2层灼烧，但同时也会对自身附加两层灼烧。迈恩每次累计受伤失去5%最大生命值就会消耗掉自身5层灼烧并提供3生命回复（可叠加3层）持续5秒","烈性","迈恩技能将永久开启。自己与敌人合计每增加50层灼烧，迈恩都会获得10%最大生命值的灰血，灰血只抵挡灼烧伤害，并被视为最大生命值。当迈恩受到致命伤害时会为自身回复相当于灰血数值的血量并失去所有灰血。","领航者","编队内所有抢攻延长两秒。如果开局迈恩仅与一名干员相邻，则迈恩每次使用技能都会刷新自身和开局与自己相邻的干员两人的抢攻效果。迈恩获得抢攻（6）：迈恩获得100%自身生命值的护盾。","火热节奏","抢攻（2）：己方干员获得10%额外属性。抢攻（1）：己方干员免疫伤害。抢攻（4）：己方干员不会被晕眩、击飞，精神值不降低","律动步伐","迈恩获得战士标签和30/50/70/90技术强度。技能变为专注值满时，迈恩停止攻击并开始在敌方场地跑动，迈恩获得额外移速。迈恩经过的格子会被点燃，对其中的敌人每秒造成迈恩最大生命值5%+30%技术强度的技术伤害。每经过一名格子迈恩获得自身5%最大生命值的护盾。跑动的路线逻辑为优先经过所有敌人。技能开始时每秒消耗20专注。持续期间迈恩依然能回复专注。","火舞者","每次经过敌人都会使其晕眩1秒并回复10专注，技能每秒消耗变为15专注，并且可以在技能期间达到100专注时额外增加1每秒消耗的专注并提供额外的移速以及30技术强度，可叠加。移动时每秒回复30%技术强度的生命"
"OP_23","黑女士","","坦克","","近战","230","350","550","700","950","15","45","75","105","140","10","10","15","20","25","25","45","65","75","90","0","0","0","0","0","66","66","66","66","66","5","5","5","5","5","0","0","0","0","0","100","100","100","100","100","0","1","4","阴暗簇拥","消耗所有专注在自己领域内召唤一名打手。打手继承黑女士60%属性，攻击速度同样固定。打手会更优先被敌人锁定","优雅","优雅：黑女士攻击速度固定为66且攻击不会回复专注。每溢出20点攻击速度为黑女士提供1每秒专注回复。黑女士会在周围1格施展自己的威压，处于其中的敌人每2秒获得一层威慑，每层威慑降低5%对黑女士造成的伤害，最多5层。每有一名叠满威慑的目标在黑女士的领域内，黑女士获得3生命回复和2每秒专注回复","帮派头目","召唤的打手增加一个。每有一名打手在场黑女士额外获得2生命回复。开局时黑女士就会召唤一名打手。","阴影帝国","场上每有一名友方单位，所有的友方单位获得一层集团，每层集团提供2%全属性","恩威并施","领域扩大一层，威慑上限提高1层。领域内友方干员每秒获得一层恩惠，每层恩惠提供10点攻速4暴击5攻击5防御1无视防御1吸血，最高6层。每有一名满层恩惠的友方干员，黑女士便获得40防御5抗性2生命回复和5%最大生命值。","女王","威慑和恩惠的上限提高1层，且领域内的所有敌人和友方干员每秒损失20生命，每有一个敌人或是干员受到这个生命损失的效果女王便会每秒回复40生命值。每过2秒，女王就会对领域内满威慑的敌人造成女士3%最大生命值的真实伤害并回复等于该伤害的血量。每次重复受到这个伤害都会额外受到1%女士最大生命值真实伤害。女王溢出的治疗将转化为护盾，护盾值不超过自身最大生命值100%。","不等契约","女士获得支援标签和5点专注回复。战斗开始前女士会将自己前方相邻的一个单位作为仆从。女士自身不再带有领域，仆从将展开女士的领域。威慑的效果变更为对仆从造成的伤害减少4%最多4层。每次女士释放技能时都会在仆从周围召唤一名替死鬼。替死鬼拥有相当于女士700%每秒专注回复的生命值并在仆从受伤时代为承受伤害。替死鬼无法回复生命也不会获得护盾不会攻击。仆从每让一名敌人叠满威慑就会提供5魂晶，随后拥有满层魂晶的敌人每在仆从的领域内停留5秒就会提供2魂晶。","血钻","本局内每次通过技能效果获得20魂晶，女士的仆从额外获得2%属性，女士额外获得1专注回复。所有通过技能获得魂晶增加20%。女士额外将同一排一名相邻单位签订为仆从。替死鬼血量增加20%，并会同时替所有仆从承担伤害。"
"OP_24","温洛斯","瘟疫绅士","坦克","","近战","300","450","600","800","1000","20","40","60","80","100","10","15","20","25","30","30","45","60","75","90","0","0","0","0","0","80","80","80","80","80","5","5","5","5","5","0","0","0","0","0","100","100","100","100","100","0","1","4","瘴气","温洛斯丢出毒气瓶，在自己周围的地面形成瘴气花园。对其中每个敌人和自身每秒施加7层中毒。持续4秒","腐殖构造","腐殖构造：温洛斯不会被中毒扣除生命值，相反温洛斯会从毒素中治疗自己。每层中毒每秒为温洛斯回复1点生命。","腐败花园","温洛斯获得额外20%生命值，身处在瘴气中时每秒回复自身7%已损生命值。每个敌人身上每50层中毒都会使温洛斯额外获得1生命回复和30防御","畸变","身处瘴气中时温洛斯会额外获得5生命回复，50防御20抗性并提高10%受到的治疗。每次受到自身10%生命值的伤害时都会立即释放技能。队友施加中毒时温洛斯也会被施加1层中毒。身上每次增加50层中毒温洛斯就会嘲讽敌人5秒。","鼠疫","温洛斯获得技术官标签和60技术强度。现在瘴气会向敌人最密集的区域丢出，对其中的敌人每秒造成相当于温洛斯自身80%技术强度的技术伤害并获得一层腐蚀。温洛斯每对敌人添加20层中毒就会永久获得一层精炼。瘴气持续时间增加2秒。其中的敌人每在瘴气中停留2秒就会受到一次4（每10层精炼增加1）%的最大生命值的技术伤害。","恶毒","身处瘴气的敌人额外受到10%伤害，此外温洛斯获得的精炼层数提高100%，在瘴气中造成的百分比伤害变为真实伤害。当温洛斯拥有50层精炼后瘴气持续时间变为永久（瘴气不会叠加），75层时瘴气范围扩大，100层时瘴气时瘴气将席卷整个战场。","液氮","温洛斯不再释放瘴气，技能转为向自己周围喷射液氮，使区域内的敌人每秒施加一层冰冻。被动腐殖构造改为温洛斯受到的伤害的50%将会在3秒内持续扣除，每次敌人身上被赋予新的冰冻都会额外给温洛斯提供25%自身防御力的护盾。温洛斯获得30防御。","抑制","现在温洛斯将持续向周围范围喷出液氮，每一个身上有满层冰冻的敌人在温洛斯的液氮中停留3秒就会被冻住，晕眩1秒。温洛斯每5秒会将自己冻住，此时温洛斯获得10%最大生命值的护盾和40防御10抗性持续2秒，期间无法移动或攻击。温洛斯的技能不再释放氮气，而是立即冰冻自身持续两秒。"
"OP_25","科比","","技术官","","远程","100","200","280","380","480","10","30","50","60","80","10","20","30","30","35","30","30","30","30","30","30","60","90","120","150","60","60","60","60","60","10","10","10","10","10","0","0","0","0","0","100","100","100","100","100","0","3","4","烧光","科比丢出灼烧弹，使范围内敌人每秒附加5层灼烧并受到50%技术强度的技术伤害。持续5秒","","","往日成灰","灼烧弹现在可以叠加，且持续时间增加两秒。场上每有50层灼烧科比就会获得持续到战斗结束的1点每秒专注回复。每5秒，科比对所有敌人施加5层灼烧。","悔恨如炙","科比施加灼烧时额外附加2层。科比释放技能时将会使命中的敌人爆燃。消耗敌人身上的50%灼烧层数，并造成（消耗灼烧层数的10%）%敌方最大生命值真实伤害。","爆裂","灼烧弹升级为爆燃弹，不在持续灼烧区域而是在区域内产生一次爆炸，对敌人造成相当于科比200%技术强度的技术伤害。每次有敌人血量跌至50%以下科比都会立刻回复40专注","人间炼狱","爆燃弹的伤害变成150%技术强度的技术伤害，但科比每有150技术强度就会使每次释放技能使额外再释放一次。并且每次重复释放为自己提供5专注。如果重复次数超过3次则最后一次重复释放将造成真实伤害。","梦终焦土","科比获得射手标签和40攻击速度。每次攻击造成50%技术强度的技术伤害并会弹射两次，每个被科比击中的敌人都会被附加1层灼烧。技能释放后科比对于灼烧的敌人普攻还会附带相当于其灼烧层数的额外技术伤害。灼烧弹将只会附加灼烧而不造成伤害。","余生为烬","科比的普攻可以在同一个单位上弹射，释放技能后弹射也将附带灼烧层数的伤害。附带的相当于敌人灼烧层数的技术伤害无视敌人20抗性。每次攻击灼烧的目标为科比提供可无限叠加持续到战斗结束的2点攻击速度。"
"OP_26","尼克斯","","技术官","","远程","100","200","280","380","480","10","30","50","60","80","10","20","30","30","35","20","20","20","20","20","25","55","85","115","140","40","40","40","40","40","5","5","5","5","5","0","0","0","0","0","100","100","100","100","100","0","3","4","零度地狱","尼克斯在敌人最密集的敌方释放风暴，每秒造成冰冻并造成尼克斯60%技术强度的技术伤害。","","","永冻层","敌人身上每层冰冻都会使尼克斯对其造成的伤害增加10%。技能范围扩大。每次通过此技能击杀敌方尼克斯专注值上限会减少1。零度地狱不可叠加。","绝对零度","零度地狱可以叠加2次，此外每用此技能击杀一名敌人便获得3技术强度","凌汛","每次处于零度地狱中的具有满层冰冻的敌人受到来自己方干员的普攻时就会使其受到一次尼克斯10%技术强度的技术伤害。处于零度地狱中的敌人每层冰冻会额外减少其5抗性与15防御","凌迟","每第3次零度地狱响应队友的普攻都会额外响应1次。队友每攻击处于零度地狱的敌人4次就会获得2点攻击速度。如果尼克斯开局时仅与一个干员相邻就会为其永久提供20点攻击速度。","不得不做出的选择","尼克斯获得坦克标签，并获得200/300/400/500生命值、35/50/65/80防御。尼克斯专注值上限变为70。零度地狱将跟随尼克斯，并且每秒为尼克斯提供相当于尼克斯30%防御的护盾。获得后发（20）：尼克斯每在零度地狱中停留一秒就永久获得3防御。","孤独","尼克斯专注值上限变为30，当零度地狱中仅有尼克斯一名己方干员时尼克斯额外获得20%防御和抗性，血量低于40%时这个加成将会翻倍。通过特性不得不做出的选择永久获得的防御力额外增加2点，该后发提前6秒。"
"OP_27","X","","技术官","机械","远程","80","180","280","360","500","10","30","45","60","70","10","10","20","30","30","25","25","25","25","25","20","60","100","140","180","60","60","60","60","60","5","5","5","5","5","0","0","0","0","0","100","100","100","100","100","0","3","4","极差爆发","X立即引爆敌方的电势引发闪电，对3名敌人造成相当于X150%技术强度的技术伤害，并附加10层静电紊乱。拥有充能时，消耗一层充能，额外锁定一个目标，且技能伤害提高至X180%技术强度。","充能","充能：X每次释放技能便获得一层充能","家人","每次释放技能时为编队内的机械干员提供相当于造成伤害60%的护盾持续3秒。每一名编队内的机械干员都会为X提供20技术强度和5点专注回复。","不必是我","X死亡时会留下核心-X，为友方的机械干员（优先级N、V、D、J）提供相当于X80%属性。获得核心的机械干员每次释放技能都会触发一次充能版本的极差爆发。","明日的恐惧","X每次释放技能的同时会使命中的敌人精神值减少20每秒持续五秒。X在场时，敌人每次精神值归零都会受到一次自身最大生命值5%的真实伤害但不会眩晕，并为X回复10点专注。充能时额外选择一个目标，且每次命中直接减少敌人30点精神值。","思维、情感、行动","受到极差爆发的敌人会短暂的将精神值上限变为60，持续四秒。精神值归零后仅回复20点精神值。极差爆发一直处于充能状态，并且X的专注上限变为70.当极差爆发选择的目标仅有一个时，则重复攻击其3次","球状闪电","极差爆发不再造成X150%技术强度的技术伤害而是对选定的每个目标劈下3次雷电，每次附加10层静电紊乱。消耗充能时额外劈下一次。","永劫无间","X每次施加10层静电紊乱触发电磁爆发时额外触发一次并消耗掉5层静电紊乱。获得抢攻（4）：X每秒免费释放一次极差爆发"
"OP_28","薇薇安","","技术官","","远程","100","180","260","360","460","10","25","45","60","70","10","20","30","30","35","25","25","25","25","25","30","50","80","100","130","75","75","75","75","75","5","5","5","5","5","0","0","0","0","0","80","80","80","80","80","0","3","4","走开！！！","薇薇安释放3（每75技术强度增加1）道震波，每道震波对锁定的敌人造成薇薇安60%技术强度的技术伤害。 如果敌人再薇薇安周围一格范围内则将其眩晕2秒并击退2格","","","干嘛……","薇薇安处于备战席时会在每次己方干员释放技能时释放一次伤害减半的走开！！！","妈妈，你在哪……","薇薇安在备战席每次释放技能都会为场上的友军提供10点专注。薇薇安在释放技能后还可以进行梦游，探索同一行的节点。探索同一行内敌对事件则会让薇薇安损失10%最大生命值并给予4魂晶，探索商店节点则在战斗结束的探索环节额外增加一个随机秘藏，探索篝火事件薇薇安回复自身20%最大生命，探索奖励事件则会随机给予10魂晶、一件银色策略或是一块银色属性碎片（3选1）.同一行内没有未探索的节点则不会生效。","非要我来吗……","薇薇安获得射手标签和40攻击速度。走开！！！技能改为开启后每第二次普攻就会附带一次震波。震波额外造成相当于30%薇薇安攻击速度的技术伤害。","我！不！要！","获得抢攻（6）：薇薇安获得100%攻击速度，直接开启技能并且每次攻击都会附带震波，普通攻击额外锁定2名敌人，第二次攻击额外附带一次震波。抢攻结束后薇薇安将直接离场，战斗胜利结束后视为幸存，失败则视为阵亡。","无忧梦境","薇薇安获得支援标签和5点专注回复。薇薇安在场时会陷入睡梦，敌人将不会优先锁定她。技能更改为当专注值满时消耗专注在周围开展幻境，对其中敌人每1.5秒造成0.5秒眩晕。环境中的友方将获得额外10%伤害并且获得能抵抗3次伤害的屏障。","嘘，让她遗忘","环境中的敌人会每秒损失15专注并为所有环境中的友军提供5每秒专注回复。环境内的友军每次释放技能都会回复相当于薇薇安100%技术强度的生命值。来自薇薇安的眩晕效果在受到伤害时会被立刻解除并减少该敌人5专注并额外造成相当于敌人3%当前生命值的技术伤害"
"OP_29","科迪斯","","技术官","","远程","120","220","330","450","560","10","30","50","60","80","10","20","20","25","30","30","50","70","80","90","40","60","80","100","120","75","75","75","75","75","5","5","5","5","5","0","0","0","0","0","100","100","100","100","100","0","3","4","绝境药剂","科迪斯为一名敌人注射药剂，使其在4秒内总共受到相当于科迪斯300%技术强度的技术伤害。","","","坏死病变","科迪斯每次为3名敌人注射药剂，药剂不再直接造成伤害，而是伤害累计起来，当累计的伤害超过敌人的生命值则会立即击败该名敌人。被药剂击中的敌人每秒增加一层腐蚀","致死量","每次释放药剂还会累计该敌人5%最大生命值的伤害。当敌人因为积累的伤害死亡时会将自己积累的20%转移给最近的敌人","亲自品尝","科迪斯射程变为1格，获得战士标签，获得100/180/260/400点生命值和50防御20攻击力，专注值上限变为50。技能改为为自己回复10%最大生命值，随后获得20点攻击速度、20攻击力、75+100%技术强度的最大生命值和4+1%技术强度的吸血，可无限叠加持续到战斗结束","嗝~~~~","科迪斯血量低于80%便额外获得10%攻速，低于60%再额外获得10%攻速和10吸血。低于40时每次释放技能重复一次。","入骨","科迪斯的药剂不再造成伤害而是转为为敌人附着一层免疫力降低，最多两层，持续5秒。每次对拥有该状态的敌人附加两次中毒时额外附加相当于免疫力降低层数的中毒。","新配方老味道","免疫力降低上限提升1层。每次有人获得50层中毒都会被获得1层免疫力降低并为科迪斯提供30专注。同时药剂将额外造成1层腐蚀和5层中毒"
"OP_30","克里斯蒂娜","","技术官","","远程","120","220","320","420","550","10","30","50","60","80","10","20","30","30","35","35","35","35","35","35","35","55","75","100","125","80","80","80","80","80","0","0","0","0","0","0","0","0","0","0","0","0","0","0","0","0","3","4","出血","克里斯蒂娜没有专注条。当她在场时每当敌人身上的流血累计造成了克里斯蒂娜技术强度的80%的伤害时克里斯蒂娜就会使其大出血一次，造成克里斯蒂娜80%技术强度伤害并且让该敌人接下来5秒内流血伤害速度提升100%。克里斯蒂娜每次攻击都会叠加1层流血","","","绽放","出血上限变为35层，超过20层每层流血仅会使敌人每秒受到0.5%最大生命值的技术伤害。每次克里斯蒂娜的引爆都会造成真实伤害。","红王","流血上限提升至40层。每次大出血额外造成敌人4%最大生命值的技术伤害。我方干员施加流血时额外造成相当于流血层数的技术伤害，该伤害也被视为流血伤害。流血造成的伤害提高10%。","不必等了，我亲自来","克里斯蒂娜获得刺客标签和30暴击并失去2格射程。出血条件变更为每次克里斯蒂娜对敌人造成3次暴击时就会大出血。受到克里斯蒂娜的伤害就会使流血造成伤害的频率加速100%。获得抢攻（7）克里斯蒂娜开局会瞬移至敌方最脆弱的单位旁边，且接下来每次攻击造成两次50%克里斯蒂娜攻击力的物理伤害，可以暴击，且都会施加1层流血。每有一名流血的敌人死亡都会提供5魂晶。","狂妄","每次触发出血都会为克里斯蒂娜永久提升3技术强度。每次击杀流血的敌人都会刷新自身抢攻。出血可以暴击。","暴食","克里斯蒂娜获得坦克标签，获得150/250/350/500生命值30/40/50/60防御。大出血造成伤害变为克里斯蒂娜最大生命值2%的技术伤害。敌人每次攻击克里斯蒂娜都会获得一层流血且克里斯蒂娜也会被施加一层流血。克里斯蒂娜会积累自身流血的伤害。每次因流血损失5%最大生命值伤害都会获得10%生命值的护盾持续5秒。敌人每次出血克里斯蒂娜都会回复10%最大生命值。克里斯蒂娜最多获得10层流血","血宴","克里斯蒂娜积累的流血伤害每达到自身生命值的10%就会消耗掉记录的伤害为自己提供5层流血流血层数满时不触发。克里斯蒂娜每次受到致命伤都会消耗自身5层流血为自己提供0.5秒无敌并回复15%最大生命值，接下来10秒内流血转为治疗克里斯蒂娜，治疗同样被视为流血伤害被记录。"
"OP_31","霍格尼恩","","支援","","远程","110","200","290","380","480","15","25","40","55","70","15","15","15","15","15","20","20","20","20","20","30","40","50","60","70","70","70","70","70","70","5","7","10","12","15","30","30","30","30","30","100","100","100","100","100","0","3","4","高级保养","霍格尼恩立即为血量百分比最低的干员提供相当于自身1000%专注回复的护盾以及20防御，持续四秒","后备充足","后备充足：霍格尼恩拥有额外一格装备栏。霍格尼恩每穿戴一件装备获得额外2专注回复","收藏家","霍格尼恩获得战士标签并获得150生命值和30攻击力。霍格尼恩每次战斗开始都会直接吞噬掉自身最左方装备栏的装备永久获得其属性。技能变更为消耗1魂晶对自己四周相当于15%最大生命值+60%技术强度+200%每秒专注回复+50%攻击力的物理伤害。每次释放该技能都有25%概率获得一件随机装备。没有魂晶释放则不会获得装备","巨头","每次集市第一次刷新免费，且随机一件装备半价。霍格尼恩吞噬10件带有生命值加成的装备后永久获得10%最大生命值，吞噬十件带有技术强度的装备永久获得10%额外技术强度，吞噬十件带有攻击力的装备永久获得10%攻击力，吞噬10件带有防御的装备永久获得额外10防御。每次吞噬两件装备额外获得1每秒专注回复。","慷慨解囊","每次己方干员还差10专注释放技能时霍格尼恩会消耗自己的10专注并为该干员提供10专注。每件装备额外为霍格尼恩提供2每秒专注回复。","乐施好善","霍格尼恩专注值上限变为200，自身不再释放技能。当自身专注值满时，会以自己每秒专注回复80%的效率为最近的干员回复专注。每次触发慷慨解囊的专注补充效果时为干员附加高级保养的护盾。霍格尼恩额外获得15每秒专注回复","共济","开局布置在霍格尼恩正前方的干员将获得霍格尼恩最右侧装备栏的装备效果和属性。霍格尼恩将获得该干员最左侧装备栏的装备效果和属性。每次释放技能，霍格尼恩都会消耗一魂晶额外对该干员释放一次","台前傀儡","每当霍格尼恩受到伤害时，都会由开局置于自己正前方的干员承担。且共济特性目标的干员会优先攻击正在敌人霍格尼恩的敌人。霍格尼恩的技能对共济的对象效果提升50%并为其提供额外40（共济特性每消耗1魂晶额外提升5）点攻击和60（共济特性每消耗1魂晶额外提升5）点技术强度和5每秒专注回复和40点攻速。"
"OP_32","梅帝莎","","支援","","远程","100","160","230","300","400","20","30","40","45","50","15","15","15","15","15","20","20","20","20","20","15","30","45","60","75","85","85","85","85","85","10","10","10","10","10","0","0","0","0","0","150","150","150","150","150","0","3","4","对赌协议","梅帝莎为输出最高的干员提供对赌协议持续7秒，持续时间内该干员每秒受到5%最大生命值真实伤害并获得20（梅帝莎每25技术强度增加2点）吸血和40（梅帝莎每10点技术强度增加1点）点攻击速度","","","嗜赌如命","对赌协议扣除的血量提升至7%。对赌协议的己方干员额外获得10%属性。对赌协议时间持续到战斗结束。重复释放对赌协议会为输出最高的干员提供20%最大生命值的治疗。开局立即释放对赌协议","绝境翻盘","处于对赌协议的干员受到致命伤时不会立即死亡，而是回复满生命值并且翻倍对赌协议的加成和扣血。成功击杀敌人则扣血恢复正常水平但加成保留。该效果每场战斗最多触发3次。重复释放不再提供治疗而是转为提供40%该干员最大生命值的额外灰血专门用于抵抗对赌协议的扣血","放贷人","每次处于对赌协议的干员击杀敌人就提供3魂晶，但是如果在对赌协议中的干员死亡或是没能击杀敌人会损失1魂晶并使该干员晕眩3秒","血汗钱","每次通过放贷人特性获得一次魂晶就会使放贷人提供的吸血和攻速永久额外提升1%。获得对赌协议的干员没有成功击杀敌人或是死亡都不会眩晕和扣除魂晶也不会死亡而是转为提供一层债务。债务存在期间该干员提供的魂晶会用于消除债务没提供五魂晶则清除一层债务。债务永久持续，且债务期间死亡则会扣除5魂晶并失去债务","亲自下场","梅帝莎获得战士标签和200/250/300/400生命值35/50/65/90攻击力。对赌协议的目标变为自身且可以叠加3次。叠加至三次时梅帝莎额外获得15%属性。专注值上限变为70","all in","对赌协议生效期间每秒减少自身10点精神值，梅帝莎不会因为精神值低眩晕。自身没少10点精神值就会额外获得5%属性。并且梅帝莎每次释放对赌协议会为自身回复40点精神值和15%生命值。只有精神值为0的状态持续3秒才会晕眩"
"OP_33","丁乐","","支援","江湖","远程","110","190","270","350","430","15","20","25","30","35","10","10","10","10","10","15","15","15","15","15","15","30","45","60","75","55","55","55","55","55","5","7","9","11","13","0","0","0","0","0","100","100","100","100","100","0","3","4","天元渡","丁乐链接血量百分比最低的友军每秒为其回复相当于10+自身技术强度60%的血量","","","同心","每次释放技能会为距离自己最近的同门提供能够抵挡一次伤害的屏障。每一位同门为丁乐提供4专注回复。当李在场时，丁乐会获得后发（15）:为自身和李提供30%生命值的治疗并提升10最大生命值上限持续到战斗结束。当唐在场时，丁乐自身血量低于50时会触发一次隐身持续4秒。唐和丁乐在隐身时获得每秒相当于丁乐80%技术强度的治疗。当朱棠在场时每次丁乐的攻击都会标记敌人，朱棠的攻击会消耗标记并为自己回复15生命值并获得5专注。","共渡","每位同门为丁乐减少自身10专注上限，且天元渡将以所有同门为目标，自身释放技能时会同样获得治疗。所有同门获得丁乐20%专注回复","繁春绽","开局置于丁乐正前方的干员会被链接，获得50%天元渡的效果持续到战斗结束。丁乐会记录自身造成的治疗。每点治疗将为丁乐提供一层繁春。繁春达到丁乐500%技术强度时会消耗所有繁春并对全场敌人造成120%繁春层数的伤害。","天下宁","丁乐每层繁春额外提升0.1%自身造成的治疗。每100层繁春会让天元渡额外每秒治疗目标1.5%最大生命值。繁春绽会斩杀低于5（每50层提升1）%的敌人。繁春绽变为真实伤害。天元渡额外锁定一个目标。自身专注上限变为80。每斩杀一个敌人永久获得3技术强度。自身受到伤害时会优先消耗繁春层数抵扣。","不见春","丁乐获得技术官标签和40/60/80/100技术强度。天元渡替换为天元绝，效果为向敌人最密集的区域释放射线持续五秒，每秒对接触射线的敌人造成相当于丁乐100%技术强度的技术伤害。","天光尽","战斗中每秒降低5精神值并转化为专注。释放天元绝时免疫控制。自身专注上限变为70，战斗中每次释放天元绝都会降低自身10专注上限。天元绝伤害提升30%。自身专注上限低于40则天元绝变更为真实伤害。专注上限低于20天元绝伤害提升20%。每次精神值归零都会释放一次天元绝"
"OP_34","克洛克","","支援","","远程","90","150","210","280","350","25","40","60","75","90","10","10","10","10","10","25","30","35","40","45","20","20","20","20","20","70","70","70","70","70","5","7","9","11","13","20","20","20","20","20","120","120","120","120","120","0","3","4","非线性时间","克洛克释放立场扭曲一点范围的时间流速持续8秒。在其中的友方干员获得30（每点专注回复加1）点攻击速度和5点专注回复。敌人减少30（每点专注回复加1）点攻击速度和5点专注回复","","","白驹","释放技能后还会额外触发干员的抢攻效果，并提前干员的后发效果5秒。友方干员每触发抢攻和后发获得相当于克洛克50%技术强度的护盾并为克洛克回复5专注","电光火石","释放技能后每两秒触发一次友方干员的抢攻，技能结束时直接触发干员身上最先触发的后发","回溯","技能获得额外效果，在技能结束时会进行回溯，将范围内友方干员重置为释放技能时的状态。即时干员死亡也会因为回溯复活","莫比乌斯","开局释放技能，每8秒回溯一次，专注满时消耗专注回溯一次","转瞬成空","克洛克获得技术官标签，技能中额外每秒结算敌人身上20%层数异常状态","枯荣","每次结算伤害达到敌人最大生命值5%时减少对方1%最大生命值上限，结算改为0.5秒一次"
"OP_35","菲格林","银行","支援","","近战","120","200","280","360","440","10","15","20","30","40","15","15","15","15","15","15","15","15","15","15","20","30","40","50","60","65","65","65","65","65","5","5","5","5","5","0","0","0","0","0","100","100","100","100","100","0","2","4","投资","菲格林只有两格射程，释放技能时为1（每5专注回复加1）名干员附加自身100%技术强度的护盾。释放目标数超过4则会按照顺序重复套盾","","","战母","菲格林获得坦克标签和200/300/400/500生命值和30/35/40/50防御技能改为对自己释放并且对两格范围内所有友方干员提供护盾。每10专注回复额外释放一次。护盾量额外增加自身8%最大生命值加成","无畏","菲格林周围两格范围内承受的伤害25%会由菲格林承受。菲格林额外获得20%生命值和10%抗性和防御。菲格林会将承受的伤害转化为同等层数的勇气。获得后发（25）菲格林清除勇气并获得相同层数的护盾持续到战斗结束，随后每10秒将勇气转化为持续护盾","货币战争","菲格林不再通过专注回复获得额外的技能释放目标。自身获得5专注回复。菲格林额外为目标提供15防御和20攻速。菲格林的技能每抵挡150伤害则获得1魂晶","百万魂晶","菲格林在场时，本次战斗所有通过技能或装备效果获得的魂晶会被储存。每过3场战斗菲格林就会将存储的魂晶放出并额外提供10%。战斗时如果即将失败，菲格林将消耗掉所有存储的魂晶让所有干员复活回满状态，每场战斗只能触发一次","荣光","菲格林每释放6次技能永久获得一层荣光。每层荣光开局为全体友方干员提供100（每3点专注回复增加10）最大生命值。","登峰","每层荣光提供给队伍内战士1%攻击力，给坦克干员提供1%最大生命值。每五层对全体提供2生命回复。"
"OP_36","N","","支援","机械","远程","90","160","210","280","350","15","25","35","45","55","15","15","15","15","15","20","20","20","20","20","30","35","40","50","60","75","75","75","75","75","10","10","10","10","10","0","0","0","0","0","100","100","100","100","100","0","3","4","启示","N为前5秒内输出最高的友军干员提供强化最多可叠加三层持续到战斗结束。第一层提供35点攻击速度10专注回复。第二层提供40攻击力和60技术强度。第三层提供15%伤害和20吸血。当一个单位叠满三层后N将选中另外的干员做为目标","","","齿轮","N释放技能将为X提供40专注值，X释放技能会为D提供40专注值。D释放技能会为V提供40专注值。V释放技能会为J提供40专注值。J释放技能将为N提供20专注值。","先驱","N每获得一个智械干员的核心就会获得3%额外属性。N额外获得5专注回复。受到","进化","每次进入商店获得免费的一个属性强化碎片。每次击杀敌人有10%概率获得一个属性强化碎片。选择该特性时立即获得五个属性强化碎片。商店属性强化碎片价格变为8魂晶。你的所有属性强化碎片将只能对N生效。","无极","获得金色碎片和红色碎片的概率提升10%。立即获得一枚彩色碎片。每次战斗额外获得两个属性碎片。自身额外获得1装备栏。商店属性碎片降价为6魂晶。每五次使用属性碎片额外获得一枚属性碎片。","答案","开局时立即将除自身外的友方干员变化为傀儡。傀儡属性为编队平均属性的120%。启示变更为对全体傀儡生效。傀儡没有技能，没有专注值，在N释放技能后会强化下一次攻击造成额外60%攻击力的物理伤害和40%技术强度的技术伤害。傀儡的攻击范围为两格。N死亡时会消耗一名傀儡使N复活。傀儡只将装备属性转化成阵营属性平均值而不会拥有装备效果","飞升","现在商店中刷新的N只会是最低的D级。N不再具有等级上限。S级以后每次购买N都会让N开局增加一名傀儡。N额外召唤两名傀儡。傀儡属性提高25%。每次战斗击败的前三名敌人都会转化为傀儡。N获得一个装备栏所有傀儡额外获得N的最右侧装备效果"
