"---","ItemName","ItemType","Owner","Description","Status"
"---","FString","FString","FString","FString","FString"
"QI_01","华丽双枪","干员专属","克劳伦","克劳伦 S 级「花花公子」附带：射击 200 次后永久获得，普攻改为射击 4 次，枪火盛宴额外射击 4 次并穿透，永久 +20 暴击 +50 攻速，每次攻击将造成伤害的 25% 额外传给最近的一名敌人","待实现"
"QI_02","蚀火容器","任务装备","日蚀委托","任务装备，具体效果未给出；日蚀委托要求携带累计附加 150 层灼烧","待实现"
"QI_03","破碎的蚀火容器","任务装备","日蚀委托奖励","完成日蚀委托后由蚀火容器转化而来，等量获得；具体数值「见装备」但装备表未收录","待实现"
"QI_04","金日勋章","任务装备","金日委托","无属性，纯占位成本，要求携带至少 1 枚完成蚀隧","待实现"
"QI_05","腐化种子","任务装备","腐化委托","+100 生命值；完成委托后失去并转化为腐化幼芽","待实现"
"QI_06","腐化幼芽","任务装备","腐化委托奖励","+150 生命值 / +2 生命恢复 / 佩戴者 -10% 最大生命值上限 / -30 精神值上限","待实现"
"QI_07","低语秘典","任务装备","深渊委托","携带者每次释放技能或攻击都会使敌人和自身的精神值 -5","待实现"
"QI_08","核心-J","核心道具","J","J 阵亡时生成，被机械阵营干员（优先级 N、X、V、D）获得，使自身技能在本次战斗中一直处于充能状态","待实现"
"QI_09","核心-V","核心道具","V","V 阵亡时生成，为一名机械干员 +50% V 的技术强度与生命值；机械干员释放技能时召唤轻型自爆无人机","待实现"
"QI_10","核心-D","核心道具","D","D 阵亡时生成，获得者 +80% D 属性；释放技能时对自己释放电磁防护","待实现"
"QI_11","核心-X","核心道具","X","X 阵亡时生成，为机械干员 +80% X 属性；每次释放技能触发一次充能版极差爆发（名称已由「核心X」统一为「核心-X」）","待实现"
