"---","Class","TraitName","OptionIndex","Description"
"---","FString","FString","int32","FString"
"TR_A_01_1","战士","战士","1","战斗中每过2秒获得一层铁腕，最多四层持续至战斗结束，每层提供10攻击力，叠满时将自身10%造成伤害转化为真实伤害并且获得相当于这部分伤害的治疗。"
"TR_A_01_2","战士","战士","2","将自身吸血获得的治疗全部转化为护盾，获得15吸血"
"TR_A_02_1","战士","剑舞者","1","释放技能获得一层剑舞，最多4层，每层提供12点攻击速度。满层每次普攻额外造成相当于20+10%自身攻击力的技术伤害。"
"TR_A_02_2","战士","剑舞者","2","每次使用技能都会使下一次普攻造成额外35%攻击力的物理伤害并回复4%已损生命值和15专注"
"TR_A_03_1","战士","狂战士","1","获得后发（20）：获得15抗性40防御，无视控制直到战斗结束。"
"TR_A_03_2","战士","狂战士","2","每损失5%生命值就会获得3吸血和3%额外治疗"
"TR_A_04_1","战士","铁骑","1","获得30防御10抗性，抢攻（7）免疫控制并获得自身防御力300%的护盾，对敌人造成首次伤害会附带相当于自身护盾50%的额外物理伤害。"
"TR_A_04_2","战士","铁骑","2","开局专注值直接满额，并会冲刺进敌人最密集的区域并对周围1格范围内的敌人造成3秒眩晕和10层腐蚀，并使其失去20%防御持续7秒"
"TR_A_05_1","战士","执旗手","1","执旗手的光环效果每层额外提供5攻击力，层数上限增加2。"
"TR_A_05_2","战士","执旗手","2","执旗手光环改为每过4秒叠加一层，每层额外提供10防御，自身死亡也会在原地两格范围内持续施加执旗手光环效果"
"TR_A_06_1","坦克","坦克","1","释放技能时嘲讽敌人1秒，受击额外获得1专注。"
"TR_A_06_2","坦克","坦克","2","每过4秒下一次普攻会额外造成自身最大生命值5%的技术伤害并永久提升自己20点最大生命值"
"TR_A_07_1","坦克","重装","1","获得后发（20）提升25%防御，获得15抗性。"
"TR_A_07_2","坦克","重装","2","减少自身两格范围内敌人20%攻击速度，受到暴击伤害减少20%"
"TR_A_08_1","坦克","巨像","1","每次控制敌人都会使自身获得10%最大生命值的护盾持续3秒。"
"TR_A_08_2","坦克","巨像","2","每次战斗结束幸存永久获得一层巨像，每层使自己增加2%最大生命值"
"TR_A_09_1","坦克","守护者","1","每当自己1格范围内友军将要受到伤害时就会对其和自身提供5%自身最大生命值+100%防御的护盾，冷却10秒。"
"TR_A_09_2","坦克","守护者","2","当己方干员将要受到致命伤害时立即传送至其身旁并嘲讽敌人3秒，并为其与自身提供20%自身最大生命值的护盾。该效果最多触发3次每场战斗"
"TR_A_10_1","坦克","先锋","1","获得抢攻（6）减少自身受到的25%伤害并嘲讽敌人3秒，立即为友方干员提供一次先锋光环。"
"TR_A_10_2","坦克","先锋","2","同一排的干员开始战斗时获得相当于先锋50%最大生命值的护盾持续8秒"
"TR_A_11_1","射手","射手","1","额外攻击1名敌人，仅造成50%的伤害。"
"TR_A_11_2","射手","射手","2","与敌人距离越远伤害越高最多提升30%"
"TR_A_12_1","射手","火力手","1","每次攻击获得一层激进，每层提供10攻击速度最多六层持续3秒，满层时攻击额外附带20%自身攻击速度的物理伤害。"
"TR_A_12_2","射手","火力手","2","每第四次普攻都会额外附加1次额外的普攻，仅造成50%的伤害但是会附加攻击特效，该普攻不会回复专注。"
"TR_A_13_1","射手","重炮手","1","获得后发（10）自身造成所有伤害提高10%。"
"TR_A_13_2","射手","重炮手","2","暴击会额外附带敌人3%最大生命值的物理伤害，对同一个目标每秒仅能触发一次"
"TR_A_14_1","射手","秘术射手","1","每次附加异常额外附加1层。获得20攻速"
"TR_A_14_2","射手","秘术射手","2","每次攻击带有异常的敌人两次就会使自身攻击速度增加3点持续到战斗结束"
"TR_A_15_1","射手","猎魔人","1","每次攻击对敌人附加一层腐蚀，每个敌人最多因为这个效果被附加15层腐蚀，获得20攻击速度。"
"TR_A_15_2","射手","猎魔人","2","获得35技术强度和15攻击速度，每次攻击额外再附加15%自身技术强度的技术伤害"
"TR_A_16_1","刺客","刺客","1","对一个敌人造成三次伤害时会额外造成自身150%技术强度+120攻击的物理伤害，每名敌人仅能触发一次。"
"TR_A_16_2","刺客","刺客","2","对每个敌人首次造成伤害时额外附加8%敌人当前生命值的物理伤害并为自身提供20点无视防御持续4秒"
"TR_A_17_1","刺客","处刑人","1","击杀敌人会使自身获得20暴击可无限叠加持续到战斗结束。"
"TR_A_17_2","刺客","处刑人","2","对每个低于50%生命值的目标造成伤害时会附加其8%最大生命值的技术伤害，该效果对每个目标每8秒触发一次"
"TR_A_18_1","刺客","卑劣者","1","攻击带有异常效果的敌人时额外造成15%伤害。"
"TR_A_18_2","刺客","卑劣者","2","对带有异常的敌人造成伤害时额外附带一次相当于敌人身上异常（流血、冰冻、灼烧、伤口、中毒、腐蚀、静电紊乱）层数的技术伤害，该效果对每个目标每6秒最多触发一次"
"TR_A_19_1","刺客","死士","1","获得抢攻（6）自身额外获得100%技术强度和攻击力，但抢攻结束后立即脱离战斗。该效果在战斗结束后视为幸存，但同样会导致场上无存活干员时游戏失败。"
"TR_A_19_2","刺客","死士","2","死亡时额外对自身周围1格造成自身200%攻击力+150%技术强度的技术伤害"
"TR_A_20_1","刺客","盗贼","1","通过技能效果获得15魂晶就会刷新自身抢攻效果。"
"TR_A_20_2","刺客","盗贼","2","抢攻延长两秒，盗贼效果获得的魂晶额外提升3枚"
"TR_A_21_1","技术官","技术官","1","自身技能对敌人造成超过25%最大生命值伤害时会立即为自身回复25专注。"
"TR_A_21_2","技术官","技术官","2","通过技能击杀敌人会永久为自身提供15技术强度"
"TR_A_22_1","技术官","元素使","1","获得额外10%技术强度，技能可以暴击但基础暴击伤害仅为145%。"
"TR_A_22_2","技术官","元素使","2","自身对护盾额外造成40%伤害"
"TR_A_23_1","技术官","咒术师","1","技能对带有效应的敌人造成伤害会使其被追加一次相当于30%异常层数的技术伤害。"
"TR_A_23_2","技术官","咒术师","2","自身技能对于带有异常的敌人额外造成15%伤害"
"TR_A_24_1","技术官","塑能者","1","每次击杀敌人都会使自身获得5专注回复持续到战斗结束。"
"TR_A_24_2","技术官","塑能者","2","开局满额专注，获得抢攻（5）提供25专注回复，技能击杀敌人延长该效果1秒"
"TR_A_25_1","技术官","萨满","1","对敌人造成伤害时使自身无视敌人20点抗性。"
"TR_A_25_2","技术官","萨满","2","击杀敌人会使其被献祭，为所有队友提供持续到战斗结束的3专注回复，最多叠加3次"
"TR_A_26_1","技术官","密使","1","每次敌人因为精神值归零而眩晕，自身都会获得10点专注和20精神值。"
"TR_A_26_2","技术官","密使","2","每次使敌人精神值归零都会减少其精神值上限10点，对同一名敌人该效果最多触发4次"
"TR_A_27_1","支援","支援","1","获得5专注回复，控制敌人时额外获得10点专注。"
"TR_A_27_2","支援","支援","2","每次释放技能额外提升目标35攻击速度5专注回复，不可叠加持续3秒"
"TR_A_28_1","支援","医师","1","治疗量额外提升10%，允许自身提供的治疗溢出转化为目标的护盾，最大值为目标10%最大生命值，护盾持续5秒。"
"TR_A_28_2","支援","医师","2","每释放4次技能都会获得一层急救储备。当有干员低于50%血时立即消耗一层急救储备对其释放一次不消耗其专注的技能"
"TR_A_29_1","支援","吟游诗人","1","己方干员首次击杀敌人本次战斗内吟游诗人光环额外提供10暴击，己方干员全员存活15秒后，吟游诗人光环额外提供2生命恢复。"
"TR_A_29_2","支援","吟游诗人","2","每次歌唱5次就会立即发射音波，对最近的两名敌人造成1秒眩晕"
"TR_A_30_1","支援","护卫者","1","当自身处于备战席时为所有友军提供后发（25）提供干员100%最大生命值的护盾持续5秒。"
"TR_A_30_2","支援","护卫者","2","自身每次提供护盾在持续时间内没有被击碎都会使其在结束时为护卫者提供15点专注"
"TR_A_31_1","支援","虔诚者","1","每次消除目标身上的异常时都会使其获得一次抵挡一次伤害的屏障。"
"TR_A_31_2","支援","虔诚者","2","每隔10秒使全员进入1秒的无敌和免疫控制"
