"---","Class","TagName","Description"
"---","FString","FString","FString"
"TR_B_01","战士","剑舞者","获得剑舞者标签并获得30点攻速。攻击获得额外3专注"
"TR_B_02","战士","铁骑","获得铁骑标签和20防御10抗性，受到控制时间固定减少0.5秒"
"TR_B_03","战士","狂战士","获得狂战士标签和10生命值，每损失1%血量提供0.5吸血"
"TR_B_04","战士","执旗手","获得执旗手标签和15防御，自身每次击杀或是存活10秒就会增加所有队友20攻击速度4专注回复持续到战斗结束，最多叠加3层"
"TR_B_05","坦克","重装","获得重装标签和35防御和15抗性，战斗开始时获得自身防御力200%的护盾"
"TR_B_06","坦克","巨像","获得巨像标签和250生命值，获得后发（15）增加2生命恢复"
"TR_B_07","坦克","守护者","获得守护者标签，当自身为唯一的坦克时每5秒嘲讽敌人1秒"
"TR_B_08","坦克","先锋","获得先锋标签和100生命值15防御。每次自身累计受到10%最大生命值伤害都会使2格范围内友军增加30攻击速度和4点专注回复持续3秒"
"TR_B_09","射手","火力手","获得火力手标签和10%攻击速度"
"TR_B_10","射手","重炮手","获得重炮手标签，暴击额外造成15%伤害"
"TR_B_11","射手","秘术射手","获得秘术射手标签和20攻速，每次通过攻击附加异常效应额外附加1层。"
"TR_B_12","射手","猎魔人","获得猎魔人标签和40技术强度，每次攻击附带20%自身技术强度的技术伤害"
"TR_B_13","刺客","处刑人","获得处刑人标签和30攻击力，对生命值低于30的敌人额外造成20%伤害"
"TR_B_14","刺客","卑劣者","获得卑劣者标签，敌人血量高于70%时对其附加的异常层数增加2层"
"TR_B_15","刺客","死士","获得死士标签和15暴击，获得抢攻（5）获得30无视防御"
"TR_B_16","刺客","盗贼","获得盗贼标签，获得抢攻（6）持续时间内击杀敌人获得8魂晶"
"TR_B_17","技术官","元素使","获得元素使标签和40技术强度，自身技能造成伤害增加10%"
"TR_B_18","技术官","咒术师","获得咒术师标签，自身技能每次对敌人施加异常都会追加50%"
"TR_B_19","技术官","塑能者","获得塑能者标签和5专注回复，释放技能时额外回复10%专注"
"TR_B_20","技术官","萨满","获得萨满标签，释放技能使对方的防御减少30，抗性减少10，持续5秒不可叠加"
"TR_B_21","技术官","密使","获得密使标签，每次释放技能使敌人减少10点精神，伤害敌人时减少其10点精神上限持续3秒，不可叠加，重复释放刷新效果持续时间"
"TR_B_22","支援","医师","获得医师标签，自身提供的治疗增加15%"
"TR_B_23","支援","护卫者","获得护卫者标签，自身提供的护盾量提高10%"
"TR_B_24","支援","吟游诗人","获得吟游诗人标签，每次释放技能都会让周围2格范围内的友军提高25攻击速度和3点专注回复持续4秒不可叠加"
"TR_B_25","支援","虔诚者","获得虔诚者标签，自身每次对友军释放技能都能清除其5层异常效果"
